[02сент.2025 01:09:48.652] [main/INFO] [cpw.mods.modlauncher.Launcher/MODLAUNCHER]: ModLauncher running: args [--launchTarget, forgeserver, --fml.forgeVersion, 43.4.0, --fml.mcVersion, 1.19.2, --fml.forgeGroup, net.minecraftforge, --fml.mcpVersion, 20220805.130853, nogui]
[02сент.2025 01:09:48.679] [main/INFO] [cpw.mods.modlauncher.Launcher/MODLAUNCHER]: ModLauncher 10.0.8+10.0.8+main.0ef7e830 starting: java version 21.0.6 by Oracle Corporation; OS Windows 11 arch amd64 version 10.0
[02сент.2025 01:09:51.558] [main/INFO] [mixin/]: SpongePowered MIXIN Subsystem Version=0.8.5 Source=union:/C:/Users/BRDen/Desktop/MC-server/libraries/org/spongepowered/mixin/0.8.5/mixin-0.8.5.jar%2363!/ Service=ModLauncher Env=SERVER
[02сент.2025 01:09:52.515] [main/WARN] [net.minecraftforge.fml.loading.moddiscovery.ModFileParser/LOADING]: Mod file C:\Users\BRDen\Desktop\MC-server\libraries\net\minecraftforge\fmlcore\1.19.2-43.4.0\fmlcore-1.19.2-43.4.0.jar is missing mods.toml file
[02сент.2025 01:09:52.522] [main/WARN] [net.minecraftforge.fml.loading.moddiscovery.ModFileParser/LOADING]: Mod file C:\Users\BRDen\Desktop\MC-server\libraries\net\minecraftforge\javafmllanguage\1.19.2-43.4.0\javafmllanguage-1.19.2-43.4.0.jar is missing mods.toml file
[02сент.2025 01:09:52.528] [main/WARN] [net.minecraftforge.fml.loading.moddiscovery.ModFileParser/LOADING]: Mod file C:\Users\BRDen\Desktop\MC-server\libraries\net\minecraftforge\lowcodelanguage\1.19.2-43.4.0\lowcodelanguage-1.19.2-43.4.0.jar is missing mods.toml file
[02сент.2025 01:09:52.534] [main/WARN] [net.minecraftforge.fml.loading.moddiscovery.ModFileParser/LOADING]: Mod file C:\Users\BRDen\Desktop\MC-server\libraries\net\minecraftforge\mclanguage\1.19.2-43.4.0\mclanguage-1.19.2-43.4.0.jar is missing mods.toml file
[02сент.2025 01:09:52.883] [main/WARN] [net.minecraftforge.jarjar.selection.JarSelector/]: Attempted to select two dependency jars from JarJar which have the same identification: Mod File:  and Mod File: . Using Mod File: 
[02сент.2025 01:09:52.887] [main/WARN] [net.minecraftforge.jarjar.selection.JarSelector/]: Attempted to select a dependency jar for JarJar which was passed in as source: curios. Using Mod File: C:\Users\BRDen\Desktop\MC-server\mods\curios-forge-1.19.2-5.1.6.4.jar
[02сент.2025 01:09:52.887] [main/INFO] [net.minecraftforge.fml.loading.moddiscovery.JarInJarDependencyLocator/]: Found 11 dependencies adding them to mods collection
[02сент.2025 01:09:57.208] [main/ERROR] [mixin/]: Mixin config dynamiclightsreforged.mixins.json does not specify "minVersion" property
[02сент.2025 01:09:57.224] [main/INFO] [mixin/]: Compatibility level set to JAVA_17
[02сент.2025 01:09:57.275] [main/ERROR] [mixin/]: Mixin config yuushya.mixins.json does not specify "minVersion" property
[02сент.2025 01:09:57.470] [main/INFO] [mixin/]: Successfully loaded Mixin Connector [org.tlauncher.MixinConnector]
[02сент.2025 01:09:57.472] [main/INFO] [cpw.mods.modlauncher.LaunchServiceHandler/MODLAUNCHER]: Launching target 'forgeserver' with arguments [nogui]
[02сент.2025 01:09:57.562] [main/INFO] [com.abdelaziz.saturn.common.Saturn/]: Loaded Saturn config file with 4 configurable options
[02сент.2025 01:09:57.593] [main/WARN] [mixin/]: Reference map 'naturalist-forge-forge-refmap.json' for naturalist.mixins.json could not be read. If this is a development environment you can ignore this message
[02сент.2025 01:09:57.624] [main/INFO] [Rubidium/]: Loaded configuration file for Rubidium: 30 options available, 0 override(s) found
[02сент.2025 01:09:57.640] [main/WARN] [mixin/]: Reference map 'vinery-forge-refmap.json' for vinery.mixins.json could not be read. If this is a development environment you can ignore this message
[02сент.2025 01:09:57.862] [main/WARN] [mixin/]: Reference map 'ambientsounds.mixins.refmap.json' for ambientsounds.mixins.json could not be read. If this is a development environment you can ignore this message
[02сент.2025 01:09:57.890] [main/WARN] [mixin/]: Reference map 'nitrogen_internals.refmap.json' for nitrogen_internals.mixins.json could not be read. If this is a development environment you can ignore this message
[02сент.2025 01:09:58.104] [main/INFO] [Canary/]: Loaded configuration file for Canary: 117 options available, 0 override(s) found
[02сент.2025 01:09:59.522] [main/WARN] [mixin/]: Error loading class: tfar/davespotioneering/blockentity/AdvancedBrewingStandBlockEntity (java.lang.ClassNotFoundException: tfar.davespotioneering.blockentity.AdvancedBrewingStandBlockEntity)
[02сент.2025 01:09:59.522] [main/WARN] [mixin/]: @Mixin target tfar.davespotioneering.blockentity.AdvancedBrewingStandBlockEntity was not found itemproductionlib.mixins.json:davespotioneering/AdvancedBrewingStandBlockEntityMixin
[02сент.2025 01:09:59.528] [main/WARN] [mixin/]: Error loading class: fuzs/visualworkbench/world/inventory/ModCraftingMenu (java.lang.ClassNotFoundException: fuzs.visualworkbench.world.inventory.ModCraftingMenu)
[02сент.2025 01:09:59.528] [main/WARN] [mixin/]: @Mixin target fuzs.visualworkbench.world.inventory.ModCraftingMenu was not found itemproductionlib.mixins.json:visualworkbench/ModCraftingMenuMixin
[02сент.2025 01:09:59.608] [main/ERROR] [net.minecraftforge.fml.loading.RuntimeDistCleaner/DISTXFORM]: Attempted to load class net/minecraft/client/renderer/LevelRenderer for invalid dist DEDICATED_SERVER
[02сент.2025 01:09:59.609] [main/WARN] [mixin/]: Error loading class: net/minecraft/client/renderer/LevelRenderer (java.lang.RuntimeException: Attempted to load class net/minecraft/client/renderer/LevelRenderer for invalid dist DEDICATED_SERVER)
[02сент.2025 01:09:59.609] [main/WARN] [mixin/]: @Mixin target net.minecraft.client.renderer.LevelRenderer was not found forbidden_arcanus.mixins.json:LevelRendererAccessor
[02сент.2025 01:09:59.955] [main/ERROR] [net.minecraftforge.fml.loading.RuntimeDistCleaner/DISTXFORM]: Attempted to load class net/minecraft/client/player/AbstractClientPlayer for invalid dist DEDICATED_SERVER
[02сент.2025 01:09:59.955] [main/WARN] [mixin/]: Error loading class: net/minecraft/client/player/AbstractClientPlayer (java.lang.RuntimeException: Attempted to load class net/minecraft/client/player/AbstractClientPlayer for invalid dist DEDICATED_SERVER)
[02сент.2025 01:09:59.956] [main/WARN] [mixin/]: @Mixin target net.minecraft.client.player.AbstractClientPlayer was not found tlskincape-mixins.json:MixinAbstractPlayer
[02сент.2025 01:09:59.958] [main/ERROR] [net.minecraftforge.fml.loading.RuntimeDistCleaner/DISTXFORM]: Attempted to load class net/minecraft/client/gui/screens/TitleScreen for invalid dist DEDICATED_SERVER
[02сент.2025 01:09:59.959] [main/WARN] [mixin/]: Error loading class: net/minecraft/client/gui/screens/TitleScreen (java.lang.RuntimeException: Attempted to load class net/minecraft/client/gui/screens/TitleScreen for invalid dist DEDICATED_SERVER)
[02сент.2025 01:09:59.959] [main/WARN] [mixin/]: @Mixin target net.minecraft.client.gui.screens.TitleScreen was not found tlskincape-mixins.json:MixinMainMenu
[02сент.2025 01:09:59.960] [main/WARN] [mixin/]: Error loading class: net/minecraft/client/model/PlayerModel (java.lang.ClassNotFoundException: net.minecraft.client.model.PlayerModel)
[02сент.2025 01:09:59.960] [main/WARN] [mixin/]: @Mixin target net.minecraft.client.model.PlayerModel was not found tlskincape-mixins.json:MixinPlayerModel
[02сент.2025 01:10:00.272] [main/INFO] [MixinExtras|Service/]: Initializing MixinExtras via com.llamalad7.mixinextras.service.MixinExtrasServiceImpl(version=0.3.5).
[02сент.2025 01:10:00.882] [main/INFO] [Smooth Boot (Reloaded)/]: Smooth Boot (Reloaded) config initialized
[02сент.2025 01:10:05.604] [main/WARN] [mixin/]: @Final field f_20945_:Ljava/util/Map; in vinery-common.mixins.json:LivingEntityMixin should be final
[02сент.2025 01:10:11.416] [main/INFO] [net.minecraft.util.datafix.DataFixers/]: Building unoptimized datafixer
[02сент.2025 01:10:13.609] [main/WARN] [mixin/]: Method overwrite conflict for getHiddenEffect in werewolves.mixins.json:MobEffectInstanceAccessor, previously written by de.teamlapen.vampirism.mixin.MixinMobEffectInstance. Skipping method.
[02сент.2025 01:10:14.621] [modloading-worker-0/INFO] [dynamiclightsreforged/]: [LambDynLights] Initializing Dynamic Lights Reforged...
[02сент.2025 01:10:14.675] [modloading-worker-0/INFO] [de.keksuccino.konkrete.Konkrete/]: [KONKRETE] Successfully initialized!
[02сент.2025 01:10:14.676] [modloading-worker-0/INFO] [de.keksuccino.konkrete.Konkrete/]: [KONKRETE] Server-side libs ready to use!
[02сент.2025 01:10:15.025] [modloading-worker-0/INFO] [Collective/]: Loading Collective version 7.64.
[02сент.2025 01:10:15.198] [modloading-worker-0/INFO] [ironfurnaces.IronFurnaces/]: Initializing Update Checker...
[02сент.2025 01:10:15.206] [ Iron Furnaces Update Checker/INFO] [ironfurnaces.IronFurnaces/]: Starting Update Check...
[02сент.2025 01:10:15.220] [modloading-worker-0/INFO] [com.aetherteam.cumulus.Cumulus/]: Disabling Cumulus as it is on server.
[02сент.2025 01:10:15.642] [modloading-worker-0/INFO] [com.cupboard.Cupboard/]: Loaded config for: cupboard.json
[02сент.2025 01:10:16.628] [modloading-worker-0/INFO] [dev.architectury.networking.forge.NetworkManagerImpl/]: Registering C2S receiver with id architectury:sync_ids
[02сент.2025 01:10:17.611] [modloading-worker-0/INFO] [Puzzles Lib/]: Constructing common components for mod enchantinginfuser
[02сент.2025 01:10:17.708] [modloading-worker-0/WARN] [fallingleaves/]: Falling Leaves is a client only mod and should be removed from the mods list
[02сент.2025 01:10:18.496] [modloading-worker-0/INFO] [net.minecraftforge.common.ForgeMod/FORGEMOD]: Forge mod loading, version 43.4.0, for MC 1.19.2 with MCP 20220805.130853
[02сент.2025 01:10:18.497] [modloading-worker-0/INFO] [net.minecraftforge.common.MinecraftForge/FORGE]: MinecraftForge v43.4.0 Initialized
[02сент.2025 01:10:18.899] [ Iron Furnaces Update Checker/INFO] [ironfurnaces.IronFurnaces/]: Update Check done!
[02сент.2025 01:10:18.899] [ Iron Furnaces Update Checker/INFO] [ironfurnaces.IronFurnaces/]: Iron Furnaces is up to date!
[02сент.2025 01:10:20.283] [modloading-worker-0/INFO] [de.teamlapen.vampirism.config.BalanceConfig/]: IceAndFire is loaded -> Adjusting default fire related configuration.
[02сент.2025 01:10:20.622] [modloading-worker-0/INFO] [Puzzles Lib/]: Constructing common components for mod puzzleslib
[02сент.2025 01:10:20.672] [modloading-worker-0/WARN] [de.keksuccino.justzoom.JustZoom/]: [JUST ZOOM] Disabling 'Just Zoom' since it's a client-side mod and current environment is server!
[02сент.2025 01:10:20.775] [modloading-worker-0/INFO] [IC2Classic/]: Loading Plugin: [name=The-One-Probe-Plugin, version=1.0]
[02сент.2025 01:10:20.790] [modloading-worker-0/INFO] [IC2Classic/]: Loading Plugin: [name=Mekanism-Plugin, version=1.0]
[02сент.2025 01:10:20.796] [modloading-worker-0/INFO] [IC2Classic/]: Loading Plugin: [name=JEI-Plugin, version=1.0]
[02сент.2025 01:10:20.802] [modloading-worker-0/INFO] [IC2Classic/]: Loading Plugin: [name=Curio-Plugin, version=1.0]
[02сент.2025 01:10:21.491] [modloading-worker-0/INFO] [yuushya/]: Yuushya has been loaded successfully!
[02сент.2025 01:10:22.273] [modloading-worker-0/INFO] [thedarkcolour.kotlinforforge.test.KotlinForForge/]: Kotlin For Forge Enabled!
[02сент.2025 01:10:22.346] [modloading-worker-0/INFO] [libIPN/]: [libIPN] libIPN - init in Kotlin
[02сент.2025 01:10:22.465] [modloading-worker-0/INFO] [Inventory Profiles Next/]: [Inventory Profiles Next] Inventory Profiles Next - init in Kotlin
[02сент.2025 01:10:23.262] [modloading-worker-0/INFO] [divinerpg.DivineRPG/]: [DivineRPG] Registered events
[02сент.2025 01:10:23.330] [modloading-worker-0/INFO] [divinerpg.DivineRPG/]: [DivineRPG] Registered networking
[02сент.2025 01:10:26.744] [main/INFO] [IC2Classic/]: Loading TileEntities
[02сент.2025 01:10:27.133] [main/INFO] [IC2Classic/]: Loading Blocks
[02сент.2025 01:10:27.691] [main/INFO] [IC2Classic/]: Loaded Blocks & Tiles
[02сент.2025 01:10:32.440] [main/INFO] [IC2Classic/]: Loading Fluids
[02сент.2025 01:10:32.445] [main/INFO] [IC2Classic/]: Loaded Fluids
[02сент.2025 01:10:32.472] [main/INFO] [IC2Classic/]: Loading Potions
[02сент.2025 01:10:32.472] [main/INFO] [IC2Classic/]: Loaded Potions
[02сент.2025 01:10:32.649] [main/ERROR] [net.minecraft.Util/]: Adding duplicate key 'ResourceKey[minecraft:worldgen/structure_processor / minecraft:capped]' to registry
[02сент.2025 01:10:32.650] [main/ERROR] [net.minecraft.Util/]: Adding duplicate value 'com.min01.archaeology.init.ArchaeologyStructureProcessorType$$Lambda/0x000002a663a39960@6631b6d0' to registry
[02сент.2025 01:10:33.034] [main/INFO] [IC2Classic/]: Loading Entities
[02сент.2025 01:10:33.047] [main/INFO] [IC2Classic/]: Loaded Entities
[02сент.2025 01:10:33.479] [main/INFO] [IC2Classic/]: Loading Items
[02сент.2025 01:10:33.658] [main/INFO] [IC2Classic/]: Loaded Items
[02сент.2025 01:10:34.581] [main/INFO] [IC2Classic/]: Loading Child Drawings
[02сент.2025 01:10:34.583] [main/INFO] [IC2Classic/]: Loaded Child Drawings
[02сент.2025 01:10:35.293] [main/INFO] [IC2Classic/]: Loading Villager Nosises
[02сент.2025 01:10:35.295] [main/INFO] [IC2Classic/]: Loaded Villager Nosises
[02сент.2025 01:10:35.301] [main/INFO] [IC2Classic/]: Loading Villager Workstations
[02сент.2025 01:10:35.302] [main/INFO] [IC2Classic/]: Loaded Villager Workstations
[02сент.2025 01:10:35.866] [main/WARN] [net.minecraft.network.syncher.SynchedEntityData/]: defineId called for: class forge.net.mca.entity.VillagerEntityMCA from class forge.net.mca.util.network.datasync.CDataParameter
[02сент.2025 01:10:35.867] [main/WARN] [net.minecraft.network.syncher.SynchedEntityData/]: defineId called for: class forge.net.mca.entity.VillagerEntityMCA from class forge.net.mca.util.network.datasync.CDataParameter
[02сент.2025 01:10:35.867] [main/WARN] [net.minecraft.network.syncher.SynchedEntityData/]: defineId called for: class forge.net.mca.entity.VillagerEntityMCA from class forge.net.mca.util.network.datasync.CDataParameter
[02сент.2025 01:10:35.868] [main/WARN] [net.minecraft.network.syncher.SynchedEntityData/]: defineId called for: class forge.net.mca.entity.VillagerEntityMCA from class forge.net.mca.util.network.datasync.CDataParameter
[02сент.2025 01:10:35.868] [main/WARN] [net.minecraft.network.syncher.SynchedEntityData/]: defineId called for: class forge.net.mca.entity.VillagerEntityMCA from class forge.net.mca.util.network.datasync.CDataParameter
[02сент.2025 01:10:35.869] [main/WARN] [net.minecraft.network.syncher.SynchedEntityData/]: defineId called for: class forge.net.mca.entity.VillagerEntityMCA from class forge.net.mca.util.network.datasync.CDataParameter
[02сент.2025 01:10:35.869] [main/WARN] [net.minecraft.network.syncher.SynchedEntityData/]: defineId called for: class forge.net.mca.entity.VillagerEntityMCA from class forge.net.mca.util.network.datasync.CDataParameter
[02сент.2025 01:10:35.870] [main/WARN] [net.minecraft.network.syncher.SynchedEntityData/]: defineId called for: class forge.net.mca.entity.VillagerEntityMCA from class forge.net.mca.util.network.datasync.CEnumParameter
[02сент.2025 01:10:35.877] [main/WARN] [net.minecraft.network.syncher.SynchedEntityData/]: defineId called for: class forge.net.mca.entity.VillagerEntityMCA from class forge.net.mca.util.network.datasync.CDataParameter
[02сент.2025 01:10:35.878] [main/WARN] [net.minecraft.network.syncher.SynchedEntityData/]: defineId called for: class forge.net.mca.entity.VillagerEntityMCA from class forge.net.mca.util.network.datasync.CDataParameter
[02сент.2025 01:10:35.879] [main/WARN] [net.minecraft.network.syncher.SynchedEntityData/]: defineId called for: class forge.net.mca.entity.VillagerEntityMCA from class forge.net.mca.util.network.datasync.CDataParameter
[02сент.2025 01:10:35.880] [main/WARN] [net.minecraft.network.syncher.SynchedEntityData/]: defineId called for: class forge.net.mca.entity.VillagerEntityMCA from class forge.net.mca.util.network.datasync.CDataParameter
[02сент.2025 01:10:35.881] [main/WARN] [net.minecraft.network.syncher.SynchedEntityData/]: defineId called for: class forge.net.mca.entity.VillagerEntityMCA from class forge.net.mca.util.network.datasync.CDataParameter
[02сент.2025 01:10:35.881] [main/WARN] [net.minecraft.network.syncher.SynchedEntityData/]: defineId called for: class forge.net.mca.entity.VillagerEntityMCA from class forge.net.mca.util.network.datasync.CDataParameter
[02сент.2025 01:10:35.882] [main/WARN] [net.minecraft.network.syncher.SynchedEntityData/]: defineId called for: class forge.net.mca.entity.VillagerEntityMCA from class forge.net.mca.util.network.datasync.CDataParameter
[02сент.2025 01:10:35.883] [main/WARN] [net.minecraft.network.syncher.SynchedEntityData/]: defineId called for: class forge.net.mca.entity.VillagerEntityMCA from class forge.net.mca.util.network.datasync.CDataParameter
[02сент.2025 01:10:35.883] [main/WARN] [net.minecraft.network.syncher.SynchedEntityData/]: defineId called for: class forge.net.mca.entity.VillagerEntityMCA from class forge.net.mca.util.network.datasync.CDataParameter
[02сент.2025 01:10:35.884] [main/WARN] [net.minecraft.network.syncher.SynchedEntityData/]: defineId called for: class forge.net.mca.entity.VillagerEntityMCA from class forge.net.mca.util.network.datasync.CDataParameter
[02сент.2025 01:10:35.884] [main/WARN] [net.minecraft.network.syncher.SynchedEntityData/]: defineId called for: class forge.net.mca.entity.VillagerEntityMCA from class forge.net.mca.util.network.datasync.CDataParameter
[02сент.2025 01:10:35.884] [main/WARN] [net.minecraft.network.syncher.SynchedEntityData/]: defineId called for: class forge.net.mca.entity.VillagerEntityMCA from class forge.net.mca.util.network.datasync.CEnumParameter
[02сент.2025 01:10:35.886] [main/WARN] [net.minecraft.network.syncher.SynchedEntityData/]: defineId called for: class forge.net.mca.entity.VillagerEntityMCA from class forge.net.mca.util.network.datasync.CDataParameter
[02сент.2025 01:10:35.894] [main/WARN] [net.minecraft.network.syncher.SynchedEntityData/]: defineId called for: class forge.net.mca.entity.VillagerEntityMCA from class forge.net.mca.util.network.datasync.CDataParameter
[02сент.2025 01:10:35.894] [main/WARN] [net.minecraft.network.syncher.SynchedEntityData/]: defineId called for: class forge.net.mca.entity.VillagerEntityMCA from class forge.net.mca.util.network.datasync.CEnumParameter
[02сент.2025 01:10:35.895] [main/WARN] [net.minecraft.network.syncher.SynchedEntityData/]: defineId called for: class forge.net.mca.entity.VillagerEntityMCA from class forge.net.mca.util.network.datasync.CDataParameter
[02сент.2025 01:10:35.895] [main/WARN] [net.minecraft.network.syncher.SynchedEntityData/]: defineId called for: class forge.net.mca.entity.VillagerEntityMCA from class forge.net.mca.util.network.datasync.CEnumParameter
[02сент.2025 01:10:35.895] [main/WARN] [net.minecraft.network.syncher.SynchedEntityData/]: defineId called for: class forge.net.mca.entity.VillagerEntityMCA from class forge.net.mca.util.network.datasync.CEnumParameter
[02сент.2025 01:10:35.896] [main/WARN] [net.minecraft.network.syncher.SynchedEntityData/]: defineId called for: class forge.net.mca.entity.VillagerEntityMCA from class forge.net.mca.util.network.datasync.CDataParameter
[02сент.2025 01:10:35.896] [main/WARN] [net.minecraft.network.syncher.SynchedEntityData/]: defineId called for: class forge.net.mca.entity.VillagerEntityMCA from class forge.net.mca.util.network.datasync.CDataParameter
[02сент.2025 01:10:35.896] [main/WARN] [net.minecraft.network.syncher.SynchedEntityData/]: defineId called for: class forge.net.mca.entity.VillagerEntityMCA from class forge.net.mca.util.network.datasync.CDataParameter
[02сент.2025 01:10:35.897] [main/WARN] [net.minecraft.network.syncher.SynchedEntityData/]: defineId called for: class forge.net.mca.entity.VillagerEntityMCA from class forge.net.mca.util.network.datasync.CDataParameter
[02сент.2025 01:10:35.897] [main/WARN] [net.minecraft.network.syncher.SynchedEntityData/]: defineId called for: class forge.net.mca.entity.VillagerEntityMCA from class forge.net.mca.util.network.datasync.CDataParameter
[02сент.2025 01:10:35.900] [main/WARN] [net.minecraft.network.syncher.SynchedEntityData/]: defineId called for: class forge.net.mca.entity.VillagerEntityMCA from class forge.net.mca.util.network.datasync.CDataParameter
[02сент.2025 01:10:35.911] [main/WARN] [net.minecraft.network.syncher.SynchedEntityData/]: defineId called for: class forge.net.mca.entity.VillagerEntityMCA from class forge.net.mca.util.network.datasync.CDataParameter
[02сент.2025 01:10:35.911] [main/WARN] [net.minecraft.network.syncher.SynchedEntityData/]: defineId called for: class forge.net.mca.entity.VillagerEntityMCA from class forge.net.mca.util.network.datasync.CDataParameter
[02сент.2025 01:10:35.914] [main/WARN] [net.minecraft.network.syncher.SynchedEntityData/]: defineId called for: class forge.net.mca.entity.VillagerEntityMCA from class forge.net.mca.util.network.datasync.CDataParameter
[02сент.2025 01:10:35.914] [main/WARN] [net.minecraft.network.syncher.SynchedEntityData/]: defineId called for: class forge.net.mca.entity.VillagerEntityMCA from class forge.net.mca.util.network.datasync.CDataParameter
[02сент.2025 01:10:35.914] [main/WARN] [net.minecraft.network.syncher.SynchedEntityData/]: defineId called for: class forge.net.mca.entity.VillagerEntityMCA from class forge.net.mca.util.network.datasync.CDataParameter
[02сент.2025 01:10:35.916] [main/WARN] [net.minecraft.network.syncher.SynchedEntityData/]: defineId called for: class forge.net.mca.entity.GrimReaperEntity from class forge.net.mca.util.network.datasync.CEnumParameter
[02сент.2025 01:10:35.917] [main/INFO] [divinerpg.DivineRPG/]: [DivineRPG] Attached entity attributes
[02сент.2025 01:10:36.359] [modloading-worker-0/INFO] [IC2Classic/]: CommonSetup
[02сент.2025 01:10:36.407] [modloading-worker-0/INFO] [divinerpg.DivineRPG/]: [DivineRPG] Registered triggers
[02сент.2025 01:10:36.481] [modloading-worker-0/INFO] [voicechat/]: [voicechat] Compatibility version 18
[02сент.2025 01:10:36.820] [Forge Version Check/INFO] [net.minecraftforge.fml.VersionChecker/]: [saturn] Starting version check at https://github.com/AbdElAziz333/Saturn/raw/mc1.20.1/dev/updates.json
[02сент.2025 01:10:36.882] [modloading-worker-0/INFO] [voicechat/]: [voicechat] Loading plugins
[02сент.2025 01:10:36.898] [modloading-worker-0/INFO] [voicechat/]: [voicechat] Loaded 0 plugin(s)
[02сент.2025 01:10:36.898] [modloading-worker-0/INFO] [voicechat/]: [voicechat] Initializing plugins
[02сент.2025 01:10:36.899] [modloading-worker-0/INFO] [voicechat/]: [voicechat] Initialized 0 plugin(s)
[02сент.2025 01:10:36.980] [Thread-21/INFO] [de.teamlapen.lib.lib.util.VersionChecker/]: Starting version check at https://maxanier.de/projects/vampirism/versions.json
[02сент.2025 01:10:38.095] [Forge Version Check/WARN] [net.minecraftforge.fml.VersionChecker/]: Failed to process update information
com.google.gson.JsonSyntaxException: java.lang.IllegalStateException: Expected BEGIN_OBJECT but was STRING at line 9 column 1 path $
	at com.google.gson.Gson.fromJson(Gson.java:975) ~[gson-2.8.9.jar%2370!/:?]
	at com.google.gson.Gson.fromJson(Gson.java:928) ~[gson-2.8.9.jar%2370!/:?]
	at com.google.gson.Gson.fromJson(Gson.java:877) ~[gson-2.8.9.jar%2370!/:?]
	at com.google.gson.Gson.fromJson(Gson.java:848) ~[gson-2.8.9.jar%2370!/:?]
	at net.minecraftforge.fml.VersionChecker$1.process(VersionChecker.java:183) ~[fmlcore-1.19.2-43.4.0.jar%23316!/:?]
	at java.lang.Iterable.forEach(Iterable.java:75) [?:?]
	at net.minecraftforge.fml.VersionChecker$1.run(VersionChecker.java:114) [fmlcore-1.19.2-43.4.0.jar%23316!/:?]
Caused by: java.lang.IllegalStateException: Expected BEGIN_OBJECT but was STRING at line 9 column 1 path $
	at com.google.gson.stream.JsonReader.beginObject(JsonReader.java:384) ~[gson-2.8.9.jar%2370!/:?]
	at com.google.gson.internal.bind.MapTypeAdapterFactory$Adapter.read(MapTypeAdapterFactory.java:183) ~[gson-2.8.9.jar%2370!/:?]
	at com.google.gson.internal.bind.MapTypeAdapterFactory$Adapter.read(MapTypeAdapterFactory.java:145) ~[gson-2.8.9.jar%2370!/:?]
	at com.google.gson.Gson.fromJson(Gson.java:963) ~[gson-2.8.9.jar%2370!/:?]
	... 6 more
[02сент.2025 01:10:38.098] [Forge Version Check/INFO] [net.minecraftforge.fml.VersionChecker/]: [aether] Starting version check at https://github.com/The-Aether-Team/The-Aether/raw/1.19.2-develop/update.json
[02сент.2025 01:10:38.729] [Forge Version Check/INFO] [net.minecraftforge.fml.VersionChecker/]: [aether] Found status: OUTDATED Current: 1.19.2-1.4.2-forge Target: 1.19.2-1.5.1-forge
[02сент.2025 01:10:38.729] [Forge Version Check/INFO] [net.minecraftforge.fml.VersionChecker/]: [twilightforest] Starting version check at https://gh.tamaized.com/TeamTwilight/twilightforest/update.json
[02сент.2025 01:10:52.931] [main/INFO] [com.tiviacz.travelersbackpack.TravelersBackpack/]: Registered the FluidEffect with Unique ID of minecraft:water for Water (Fluid Amount Required: 1000) with the ID 0
[02сент.2025 01:10:52.931] [main/INFO] [com.tiviacz.travelersbackpack.TravelersBackpack/]: Registered the FluidEffect with Unique ID of minecraft:lava for Lava (Fluid Amount Required: 1000) with the ID 1
[02сент.2025 01:10:52.932] [main/INFO] [com.tiviacz.travelersbackpack.TravelersBackpack/]: Registered the FluidEffect with Unique ID of travelersbackpack:potion for Uncraftable Potion (Fluid Amount Required: 250) with the ID 2
[02сент.2025 01:10:52.933] [main/INFO] [com.tiviacz.travelersbackpack.TravelersBackpack/]: Registered the FluidEffect with Unique ID of minecraft:milk for Milk (Fluid Amount Required: 1000) with the ID 3
[02сент.2025 01:10:52.946] [main/INFO] [com.tiviacz.travelersbackpack.TravelersBackpack/]: Registered the FluidEffect with Unique ID of create:potion for Uncraftable Potion (Fluid Amount Required: 250) with the ID 4
[02сент.2025 01:10:52.992] [main/INFO] [terrablender/]: Registered region minecraft:overworld to index 0 for type OVERWORLD
[02сент.2025 01:10:52.993] [main/INFO] [terrablender/]: Registered region minecraft:nether to index 0 for type NETHER
[02сент.2025 01:10:52.993] [main/INFO] [terrablender/]: Registered region mysticsbiomes:overworld_provider to index 1 for type OVERWORLD
[02сент.2025 01:10:53.365] [main/INFO] [terrablender/]: Registered region werewolves:overworld to index 2 for type OVERWORLD
[02сент.2025 01:10:53.371] [main/INFO] [de.teamlapen.werewolves.modcompat.terrablender.TerraBlenderCompat/]: TerraBlender is installed. Using it to add vampire Forest to overworld.
[02сент.2025 01:10:53.399] [main/INFO] [terrablender/]: Registered region ars_nouveau:overworld to index 3 for type OVERWORLD
[02сент.2025 01:10:53.416] [main/INFO] [de.teamlapen.vampirism.core.ModEffects/]: Fixing vanilla night vision potion types
[02сент.2025 01:10:53.421] [main/INFO] [terrablender/]: Registered region vampirism:overworld to index 4 for type OVERWORLD
[02сент.2025 01:10:53.422] [main/INFO] [de.teamlapen.vampirism.modcompat.terrablender.TerraBlenderCompat/]: TerraBlender is installed. Using it to add vampire Forest to overworld.
[02сент.2025 01:10:53.428] [modloading-worker-0/INFO] [xaero.map.server.WorldMapServer/]: Loading Xaero's World Map - Stage 1/2 (Server)
[02сент.2025 01:10:53.430] [modloading-worker-0/INFO] [xaero.minimap.XaeroMinimap/]: Loading Xaero's Minimap - Stage 1/2 (Server)
[02сент.2025 01:10:53.437] [main/INFO] [xaero.map.server.WorldMapServer/]: Loading Xaero's World Map - Stage 2/2 (Server)
[02сент.2025 01:10:53.437] [main/INFO] [xaero.minimap.XaeroMinimap/]: Loading Xaero's Minimap - Stage 2/2 (Server)
[02сент.2025 01:10:53.528] [modloading-worker-0/INFO] [AttributeFix/]: Loaded values for 33 compatible attributes.
[02сент.2025 01:10:53.534] [modloading-worker-0/ERROR] [AttributeFix/]: Attribute ID 'arsmagicalegacy:max_mana' does not belong to a known attribute. This entry will be ignored.
[02сент.2025 01:10:53.534] [modloading-worker-0/ERROR] [AttributeFix/]: Attribute ID 'arsmagicalegacy:burnout_regen' does not belong to a known attribute. This entry will be ignored.
[02сент.2025 01:10:53.534] [modloading-worker-0/ERROR] [AttributeFix/]: Attribute ID 'arsmagicalegacy:mana_regen' does not belong to a known attribute. This entry will be ignored.
[02сент.2025 01:10:53.535] [modloading-worker-0/ERROR] [AttributeFix/]: Attribute ID 'arsmagicalegacy:max_burnout' does not belong to a known attribute. This entry will be ignored.
[02сент.2025 01:10:53.535] [modloading-worker-0/ERROR] [AttributeFix/]: Attribute ID 'skilltree:evasion' does not belong to a known attribute. This entry will be ignored.
[02сент.2025 01:10:53.535] [modloading-worker-0/ERROR] [AttributeFix/]: Attribute ID 'arsmagicalegacy:magic_vision' does not belong to a known attribute. This entry will be ignored.
[02сент.2025 01:10:53.535] [modloading-worker-0/ERROR] [AttributeFix/]: Attribute ID 'skilltree:exp_per_minute' does not belong to a known attribute. This entry will be ignored.
[02сент.2025 01:10:53.536] [modloading-worker-0/ERROR] [AttributeFix/]: Attribute ID 'arsmagicalegacy:scale' does not belong to a known attribute. This entry will be ignored.
[02сент.2025 01:10:53.536] [modloading-worker-0/ERROR] [AttributeFix/]: Attribute ID 'skilltree:blocking' does not belong to a known attribute. This entry will be ignored.
[02сент.2025 01:10:53.536] [modloading-worker-0/ERROR] [AttributeFix/]: Attribute ID 'skilltree:stealth' does not belong to a known attribute. This entry will be ignored.
[02сент.2025 01:10:53.536] [modloading-worker-0/ERROR] [AttributeFix/]: Attribute ID 'skilltree:regeneration' does not belong to a known attribute. This entry will be ignored.
[02сент.2025 01:10:53.536] [modloading-worker-0/INFO] [AttributeFix/]: Loaded 44 values from config.
[02сент.2025 01:10:53.537] [modloading-worker-0/INFO] [Jade/]: Start loading plugin at com.aetherteam.aether.integration.jade.AetherJadePlugin
[02сент.2025 01:10:53.550] [modloading-worker-0/INFO] [AttributeFix/]: Saving config file. 44 entries.
[02сент.2025 01:10:53.552] [modloading-worker-0/INFO] [AttributeFix/]: Applying changes for 44 attributes.
[02сент.2025 01:10:53.555] [modloading-worker-0/INFO] [Jade/]: Start loading plugin at twilightforest.compat.jade.JadeCompat
[02сент.2025 01:10:53.560] [modloading-worker-0/INFO] [Jade/]: Start loading plugin at cy.jdkdigital.productivebees.integrations.hwyla.ProductiveBeesWailaPlugin
[02сент.2025 01:10:53.566] [modloading-worker-0/INFO] [Jade/]: Start loading plugin at com.hollingsworth.arsnouveau.client.waila.WailaArsNouveauPlugin
[02сент.2025 01:10:53.569] [modloading-worker-0/INFO] [Jade/]: Start loading plugin at snownee.jade.addon.vanilla.VanillaPlugin
[02сент.2025 01:10:53.601] [modloading-worker-0/INFO] [Jade/]: Start loading plugin at snownee.jade.addon.universal.UniversalPlugin
[02сент.2025 01:10:53.625] [modloading-worker-0/INFO] [Jade/]: Start loading plugin at snownee.jade.addon.core.CorePlugin
[02сент.2025 01:10:53.630] [modloading-worker-0/INFO] [Jade/]: Start loading plugin at de.maxhenkel.gravestone.integration.waila.PluginGraveStone
[02сент.2025 01:10:53.633] [modloading-worker-0/INFO] [Jade/]: Start loading plugin at lekavar.lma.drinkbeer.compat.jade.JadePlugin
[02сент.2025 01:10:53.680] [main/INFO] [de.teamlapen.vampirism.core.ModEffects/]: Fixing vanilla night vision potion types
[02сент.2025 01:10:53.687] [main/INFO] [de.teamlapen.vampirism.world.biome.OverworldModifications/]: Vampirism Biomes are added via TerraBlender. Not adding them to overworld preset.
[02сент.2025 01:10:53.687] [main/INFO] [de.teamlapen.werewolves.world.gen.OverworldModifications/]: Werewolves Biomes are added via TerraBlender. Not adding them to overworld preset.
[02сент.2025 01:10:53.730] [Forge Version Check/WARN] [net.minecraftforge.fml.VersionChecker/]: Failed to process update information
java.net.http.HttpTimeoutException: request timed out
	at jdk.internal.net.http.HttpClientImpl.send(HttpClientImpl.java:949) ~[java.net.http:?]
	at jdk.internal.net.http.HttpClientFacade.send(HttpClientFacade.java:133) ~[java.net.http:?]
	at net.minecraftforge.fml.VersionChecker$1.openUrlString(VersionChecker.java:139) ~[fmlcore-1.19.2-43.4.0.jar%23316!/:?]
	at net.minecraftforge.fml.VersionChecker$1.process(VersionChecker.java:177) ~[fmlcore-1.19.2-43.4.0.jar%23316!/:?]
	at java.lang.Iterable.forEach(Iterable.java:75) [?:?]
	at net.minecraftforge.fml.VersionChecker$1.run(VersionChecker.java:114) [fmlcore-1.19.2-43.4.0.jar%23316!/:?]
[02сент.2025 01:10:53.731] [Forge Version Check/INFO] [net.minecraftforge.fml.VersionChecker/]: [cumulus_menus] Starting version check at https://github.com/The-Aether-Team/Cumulus/raw/1.19.2-develop/update.json
[02сент.2025 01:10:53.976] [Forge Version Check/INFO] [net.minecraftforge.fml.VersionChecker/]: [cumulus_menus] Found status: UP_TO_DATE Current: 1.19.2-1.0.0-forge Target: null
[02сент.2025 01:10:53.976] [Forge Version Check/INFO] [net.minecraftforge.fml.VersionChecker/]: [cfm] Starting version check at https://mrcrayfish.com/modupdatejson?id=cfm
[02сент.2025 01:10:54.551] [Forge Version Check/WARN] [net.minecraftforge.fml.VersionChecker/]: Failed to process update information
com.google.gson.JsonSyntaxException: java.lang.IllegalStateException: Expected BEGIN_OBJECT but was STRING at line 1 column 1 path $
	at com.google.gson.Gson.fromJson(Gson.java:975) ~[gson-2.8.9.jar%2370!/:?]
	at com.google.gson.Gson.fromJson(Gson.java:928) ~[gson-2.8.9.jar%2370!/:?]
	at com.google.gson.Gson.fromJson(Gson.java:877) ~[gson-2.8.9.jar%2370!/:?]
	at com.google.gson.Gson.fromJson(Gson.java:848) ~[gson-2.8.9.jar%2370!/:?]
	at net.minecraftforge.fml.VersionChecker$1.process(VersionChecker.java:183) ~[fmlcore-1.19.2-43.4.0.jar%23316!/:?]
	at java.lang.Iterable.forEach(Iterable.java:75) [?:?]
	at net.minecraftforge.fml.VersionChecker$1.run(VersionChecker.java:114) [fmlcore-1.19.2-43.4.0.jar%23316!/:?]
Caused by: java.lang.IllegalStateException: Expected BEGIN_OBJECT but was STRING at line 1 column 1 path $
	at com.google.gson.stream.JsonReader.beginObject(JsonReader.java:384) ~[gson-2.8.9.jar%2370!/:?]
	at com.google.gson.internal.bind.MapTypeAdapterFactory$Adapter.read(MapTypeAdapterFactory.java:183) ~[gson-2.8.9.jar%2370!/:?]
	at com.google.gson.internal.bind.MapTypeAdapterFactory$Adapter.read(MapTypeAdapterFactory.java:145) ~[gson-2.8.9.jar%2370!/:?]
	at com.google.gson.Gson.fromJson(Gson.java:963) ~[gson-2.8.9.jar%2370!/:?]
	... 6 more
[02сент.2025 01:10:54.553] [Forge Version Check/INFO] [net.minecraftforge.fml.VersionChecker/]: [productivebees] Starting version check at https://raw.githubusercontent.com/JDKDigital/productive-bees/dev-1.19/versions.json
[02сент.2025 01:10:54.784] [Forge Version Check/INFO] [net.minecraftforge.fml.VersionChecker/]: [productivebees] Found status: BETA Current: 1.19.2-0.10.7.2 Target: null
[02сент.2025 01:10:54.784] [Forge Version Check/INFO] [net.minecraftforge.fml.VersionChecker/]: [enchantinginfuser] Starting version check at https://raw.githubusercontent.com/Fuzss/modresources/main/update/enchantinginfuser.json
[02сент.2025 01:10:54.893] [Forge Version Check/INFO] [net.minecraftforge.fml.VersionChecker/]: [enchantinginfuser] Found status: UP_TO_DATE Current: 4.2.2 Target: null
[02сент.2025 01:10:54.893] [Forge Version Check/INFO] [net.minecraftforge.fml.VersionChecker/]: [divinerpg] Starting version check at https://raw.githubusercontent.com/DivineRPG/DivineRPG-Assets/main/divinerpg_update.json
[02сент.2025 01:10:55.000] [Forge Version Check/INFO] [net.minecraftforge.fml.VersionChecker/]: [divinerpg] Found status: BETA Current: 1.9.6.11 Target: null
[02сент.2025 01:10:55.000] [Forge Version Check/INFO] [net.minecraftforge.fml.VersionChecker/]: [attributefix] Starting version check at https://updates.blamejared.com/get?n=attributefix&gv=1.19.2
[02сент.2025 01:10:55.577] [Forge Version Check/INFO] [net.minecraftforge.fml.VersionChecker/]: [attributefix] Found status: BETA Current: 17.2.8 Target: 17.2.8
[02сент.2025 01:10:55.578] [Forge Version Check/INFO] [net.minecraftforge.fml.VersionChecker/]: [reap] Starting version check at https://update.maxhenkel.de/forge/reap
[02сент.2025 01:10:56.179] [Forge Version Check/INFO] [net.minecraftforge.fml.VersionChecker/]: [reap] Found status: AHEAD Current: 1.19.2-1.1.2 Target: null
[02сент.2025 01:10:56.185] [Forge Version Check/INFO] [net.minecraftforge.fml.VersionChecker/]: [travelersbackpack] Starting version check at https://gist.githubusercontent.com/Tiviacz1337/906937677aa472285dff9d6c2a189d5e/raw
[02сент.2025 01:10:56.755] [Forge Version Check/INFO] [net.minecraftforge.fml.VersionChecker/]: [travelersbackpack] Found status: AHEAD Current: 8.2.41 Target: null
[02сент.2025 01:10:56.755] [Forge Version Check/INFO] [net.minecraftforge.fml.VersionChecker/]: [storagenetwork] Starting version check at https://raw.githubusercontent.com/Lothrazar/Storage-Network/trunk/1.19/update.json
[02сент.2025 01:10:56.871] [Forge Version Check/INFO] [net.minecraftforge.fml.VersionChecker/]: [storagenetwork] Found status: BETA Current: 1.19.2-1.7.1 Target: null
[02сент.2025 01:10:56.871] [Forge Version Check/INFO] [net.minecraftforge.fml.VersionChecker/]: [configured] Starting version check at https://mrcrayfish.com/modupdatejson?id=configured
[02сент.2025 01:10:56.970] [Forge Version Check/WARN] [net.minecraftforge.fml.VersionChecker/]: Failed to process update information
com.google.gson.JsonSyntaxException: java.lang.IllegalStateException: Expected BEGIN_OBJECT but was STRING at line 1 column 1 path $
	at com.google.gson.Gson.fromJson(Gson.java:975) ~[gson-2.8.9.jar%2370!/:?]
	at com.google.gson.Gson.fromJson(Gson.java:928) ~[gson-2.8.9.jar%2370!/:?]
	at com.google.gson.Gson.fromJson(Gson.java:877) ~[gson-2.8.9.jar%2370!/:?]
	at com.google.gson.Gson.fromJson(Gson.java:848) ~[gson-2.8.9.jar%2370!/:?]
	at net.minecraftforge.fml.VersionChecker$1.process(VersionChecker.java:183) ~[fmlcore-1.19.2-43.4.0.jar%23316!/:?]
	at java.lang.Iterable.forEach(Iterable.java:75) [?:?]
	at net.minecraftforge.fml.VersionChecker$1.run(VersionChecker.java:114) [fmlcore-1.19.2-43.4.0.jar%23316!/:?]
Caused by: java.lang.IllegalStateException: Expected BEGIN_OBJECT but was STRING at line 1 column 1 path $
	at com.google.gson.stream.JsonReader.beginObject(JsonReader.java:384) ~[gson-2.8.9.jar%2370!/:?]
	at com.google.gson.internal.bind.MapTypeAdapterFactory$Adapter.read(MapTypeAdapterFactory.java:183) ~[gson-2.8.9.jar%2370!/:?]
	at com.google.gson.internal.bind.MapTypeAdapterFactory$Adapter.read(MapTypeAdapterFactory.java:145) ~[gson-2.8.9.jar%2370!/:?]
	at com.google.gson.Gson.fromJson(Gson.java:963) ~[gson-2.8.9.jar%2370!/:?]
	... 6 more
[02сент.2025 01:10:56.971] [Forge Version Check/INFO] [net.minecraftforge.fml.VersionChecker/]: [guideapi_vp] Starting version check at https://maxanier.de/projects/guideapi/versions.json
[02сент.2025 01:10:57.537] [Forge Version Check/INFO] [net.minecraftforge.fml.VersionChecker/]: [guideapi_vp] Found status: AHEAD Current: 2.2.4 Target: null
[02сент.2025 01:10:57.537] [Forge Version Check/INFO] [net.minecraftforge.fml.VersionChecker/]: [forge] Starting version check at https://files.minecraftforge.net/net/minecraftforge/forge/promotions_slim.json
[02сент.2025 01:10:58.177] [Forge Version Check/INFO] [net.minecraftforge.fml.VersionChecker/]: [forge] Found status: OUTDATED Current: 43.4.0 Target: 43.5.0
[02сент.2025 01:10:58.178] [Forge Version Check/INFO] [net.minecraftforge.fml.VersionChecker/]: [voicechat] Starting version check at https://update.maxhenkel.de/forge/voicechat
[02сент.2025 01:10:58.294] [Forge Version Check/INFO] [net.minecraftforge.fml.VersionChecker/]: [voicechat] Found status: OUTDATED Current: 1.19.2-2.5.24 Target: 1.19.2-2.6.1
[02сент.2025 01:10:58.294] [Forge Version Check/INFO] [net.minecraftforge.fml.VersionChecker/]: [smoothboot] Starting version check at https://github.com/AbdElAziz333/SmoothBoot-Reloaded/raw/mc1.20.1/dev/updates.json
[02сент.2025 01:10:58.524] [Forge Version Check/INFO] [net.minecraftforge.fml.VersionChecker/]: [smoothboot] Found status: UP_TO_DATE Current: 0.0.4 Target: null
[02сент.2025 01:10:58.524] [Forge Version Check/INFO] [net.minecraftforge.fml.VersionChecker/]: [flywheel] Starting version check at https://api.modrinth.com/updates/flywheel/forge_updates.json
[02сент.2025 01:10:59.170] [Forge Version Check/INFO] [net.minecraftforge.fml.VersionChecker/]: [flywheel] Found status: AHEAD Current: 0.6.11-22 Target: null
[02сент.2025 01:10:59.170] [Forge Version Check/INFO] [net.minecraftforge.fml.VersionChecker/]: [gravestone] Starting version check at https://update.maxhenkel.de/forge/gravestone
[02сент.2025 01:10:59.289] [Forge Version Check/INFO] [net.minecraftforge.fml.VersionChecker/]: [gravestone] Found status: AHEAD Current: 1.19.2-1.0.24 Target: null
[02сент.2025 01:10:59.290] [Forge Version Check/INFO] [net.minecraftforge.fml.VersionChecker/]: [canary] Starting version check at https://github.com/AbdElAziz333/Canary/raw/mc1.19.2/dev/updates.json
[02сент.2025 01:10:59.514] [Forge Version Check/INFO] [net.minecraftforge.fml.VersionChecker/]: [canary] Found status: UP_TO_DATE Current: 0.3.3 Target: null
[02сент.2025 01:10:59.514] [Forge Version Check/INFO] [net.minecraftforge.fml.VersionChecker/]: [vampirism] Starting version check at https://maxanier.de/projects/vampirism/versions.json
[02сент.2025 01:10:59.927] [Forge Version Check/INFO] [net.minecraftforge.fml.VersionChecker/]: [vampirism] Found status: AHEAD Current: 1.9.5 Target: null
[02сент.2025 01:10:59.929] [Forge Version Check/INFO] [net.minecraftforge.fml.VersionChecker/]: [puzzleslib] Starting version check at https://raw.githubusercontent.com/Fuzss/modresources/main/update/puzzleslib.json
[02сент.2025 01:11:00.054] [Forge Version Check/INFO] [net.minecraftforge.fml.VersionChecker/]: [puzzleslib] Found status: UP_TO_DATE Current: 4.4.3 Target: null
[02сент.2025 01:11:15.420] [main/INFO] [com.mojang.authlib.yggdrasil.YggdrasilAuthenticationService/]: Environment: authHost='https://authserver.mojang.com', accountsHost='https://api.mojang.com', sessionHost='https://sessionserver.mojang.com', servicesHost='https://api.minecraftservices.com', name='PROD'
[02сент.2025 01:11:25.869] [main/WARN] [net.minecraft.server.packs.VanillaPackResources/]: Assets URL 'union:/C:/Users/BRDen/Desktop/MC-server/libraries/net/minecraft/server/1.19.2-20220805.130853/server-1.19.2-20220805.130853-srg.jar%23315!/assets/.mcassetsroot' uses unexpected schema
[02сент.2025 01:11:25.869] [main/WARN] [net.minecraft.server.packs.VanillaPackResources/]: Assets URL 'union:/C:/Users/BRDen/Desktop/MC-server/libraries/net/minecraft/server/1.19.2-20220805.130853/server-1.19.2-20220805.130853-srg.jar%23315!/data/.mcassetsroot' uses unexpected schema
[02сент.2025 01:11:30.573] [Worker-Main12/INFO] [IC2Classic/]: Loading Recipes
[02сент.2025 01:11:36.192] [main/ERROR] [net.minecraft.world.item.crafting.RecipeManager/]: Parsing error loading recipe cozy_home:table_stump_cherry_recipe
com.google.gson.JsonSyntaxException: Invalid item: minecraft:air
	at net.minecraft.world.item.crafting.ShapedRecipe.m_151278_(ShapedRecipe.java:278) ~[server-1.19.2-20220805.130853-srg.jar%23315!/:?]
	at net.minecraft.world.item.crafting.Ingredient.m_43919_(Ingredient.java:222) ~[server-1.19.2-20220805.130853-srg.jar%23315!/:?]
	at net.minecraftforge.common.crafting.VanillaIngredientSerializer.parse(VanillaIngredientSerializer.java:27) ~[forge-1.19.2-43.4.0-universal.jar%23320!/:?]
	at net.minecraftforge.common.crafting.CraftingHelper.getIngredient(CraftingHelper.java:142) ~[forge-1.19.2-43.4.0-universal.jar%23320!/:?]
	at net.minecraft.world.item.crafting.Ingredient.m_43917_(Ingredient.java:197) ~[server-1.19.2-20220805.130853-srg.jar%23315!/:?]
	at net.minecraft.world.item.crafting.ShapedRecipe.m_44210_(ShapedRecipe.java:261) ~[server-1.19.2-20220805.130853-srg.jar%23315!/:?]
	at net.minecraft.world.item.crafting.ShapedRecipe$Serializer.m_6729_(ShapedRecipe.java:288) ~[server-1.19.2-20220805.130853-srg.jar%23315!/:?]
	at net.minecraft.world.item.crafting.ShapedRecipe$Serializer.m_6729_(ShapedRecipe.java:284) ~[server-1.19.2-20220805.130853-srg.jar%23315!/:?]
	at net.minecraftforge.common.extensions.IForgeRecipeSerializer.fromJson(IForgeRecipeSerializer.java:23) ~[forge-1.19.2-43.4.0-universal.jar%23320!/:?]
	at net.minecraft.world.item.crafting.RecipeManager.fromJson(RecipeManager.java:171) ~[server-1.19.2-20220805.130853-srg.jar%23315!/:?]
	at net.minecraft.world.item.crafting.RecipeManager.m_5787_(RecipeManager.java:67) ~[server-1.19.2-20220805.130853-srg.jar%23315!/:?]
	at net.minecraft.world.item.crafting.RecipeManager.m_5787_(RecipeManager.java:34) ~[server-1.19.2-20220805.130853-srg.jar%23315!/:?]
	at net.minecraft.server.packs.resources.SimplePreparableReloadListener.m_10789_(SimplePreparableReloadListener.java:13) ~[server-1.19.2-20220805.130853-srg.jar%23315!/:?]
	at java.util.concurrent.CompletableFuture$UniAccept.tryFire(CompletableFuture.java:718) ~[?:?]
	at java.util.concurrent.CompletableFuture$Completion.run(CompletableFuture.java:482) ~[?:?]
	at net.minecraft.server.packs.resources.SimpleReloadInstance.m_143940_(SimpleReloadInstance.java:69) ~[server-1.19.2-20220805.130853-srg.jar%23315!/:?]
	at net.minecraft.Util.m_214652_(Util.java:781) ~[server-1.19.2-20220805.130853-srg.jar%23315!/:?]
	at net.minecraft.Util.m_214679_(Util.java:770) ~[server-1.19.2-20220805.130853-srg.jar%23315!/:?]
	at net.minecraft.server.Main.main(Main.java:157) ~[server-1.19.2-20220805.130853-srg.jar%23315!/:?]
	at jdk.internal.reflect.DirectMethodHandleAccessor.invoke(DirectMethodHandleAccessor.java:103) ~[?:?]
	at java.lang.reflect.Method.invoke(Method.java:580) ~[?:?]
	at net.minecraftforge.fml.loading.targets.CommonServerLaunchHandler.lambda$launchService$0(CommonServerLaunchHandler.java:29) ~[fmlloader-1.19.2-43.4.0.jar%2367!/:?]
	at cpw.mods.modlauncher.LaunchServiceHandlerDecorator.launch(LaunchServiceHandlerDecorator.java:30) [modlauncher-10.0.8.jar%2354!/:?]
	at cpw.mods.modlauncher.LaunchServiceHandler.launch(LaunchServiceHandler.java:53) [modlauncher-10.0.8.jar%2354!/:?]
	at cpw.mods.modlauncher.LaunchServiceHandler.launch(LaunchServiceHandler.java:71) [modlauncher-10.0.8.jar%2354!/:?]
	at cpw.mods.modlauncher.Launcher.run(Launcher.java:106) [modlauncher-10.0.8.jar%2354!/:?]
	at cpw.mods.modlauncher.Launcher.main(Launcher.java:77) [modlauncher-10.0.8.jar%2354!/:?]
	at cpw.mods.modlauncher.BootstrapLaunchConsumer.accept(BootstrapLaunchConsumer.java:26) [modlauncher-10.0.8.jar%2354!/:?]
	at cpw.mods.modlauncher.BootstrapLaunchConsumer.accept(BootstrapLaunchConsumer.java:23) [modlauncher-10.0.8.jar%2354!/:?]
	at cpw.mods.bootstraplauncher.BootstrapLauncher.main(BootstrapLauncher.java:141) [bootstraplauncher-1.1.2.jar:?]
[02сент.2025 01:11:36.275] [main/WARN] [Mantle/]: Using deprecated key 'name' for fluid ingredient, use 'fluid' instead. This will be removed in the future
[02сент.2025 01:11:36.279] [main/INFO] [net.minecraft.world.item.crafting.RecipeManager/]: Skipping loading recipe vampirism:general/umbrella as it's serializer returned null
[02сент.2025 01:11:36.340] [main/ERROR] [net.minecraft.world.item.crafting.RecipeManager/]: Parsing error loading recipe mysticalagriculture:rupee_ingots_from_essence
com.google.gson.JsonSyntaxException: Unknown item 'mysticalagriculture:rupee_essence'
	at net.minecraft.world.item.crafting.ShapedRecipe.m_151280_(ShapedRecipe.java:275) ~[server-1.19.2-20220805.130853-srg.jar%23315!/:?]
	at java.util.Optional.orElseThrow(Optional.java:403) ~[?:?]
	at net.minecraft.world.item.crafting.ShapedRecipe.m_151278_(ShapedRecipe.java:274) ~[server-1.19.2-20220805.130853-srg.jar%23315!/:?]
	at net.minecraft.world.item.crafting.Ingredient.m_43919_(Ingredient.java:222) ~[server-1.19.2-20220805.130853-srg.jar%23315!/:?]
	at net.minecraftforge.common.crafting.VanillaIngredientSerializer.parse(VanillaIngredientSerializer.java:27) ~[forge-1.19.2-43.4.0-universal.jar%23320!/:?]
	at net.minecraftforge.common.crafting.CraftingHelper.getIngredient(CraftingHelper.java:142) ~[forge-1.19.2-43.4.0-universal.jar%23320!/:?]
	at net.minecraft.world.item.crafting.Ingredient.m_43917_(Ingredient.java:197) ~[server-1.19.2-20220805.130853-srg.jar%23315!/:?]
	at net.minecraft.world.item.crafting.ShapedRecipe.m_44210_(ShapedRecipe.java:261) ~[server-1.19.2-20220805.130853-srg.jar%23315!/:?]
	at net.minecraft.world.item.crafting.ShapedRecipe$Serializer.m_6729_(ShapedRecipe.java:288) ~[server-1.19.2-20220805.130853-srg.jar%23315!/:?]
	at net.minecraft.world.item.crafting.ShapedRecipe$Serializer.m_6729_(ShapedRecipe.java:284) ~[server-1.19.2-20220805.130853-srg.jar%23315!/:?]
	at net.minecraftforge.common.extensions.IForgeRecipeSerializer.fromJson(IForgeRecipeSerializer.java:23) ~[forge-1.19.2-43.4.0-universal.jar%23320!/:?]
	at net.minecraft.world.item.crafting.RecipeManager.fromJson(RecipeManager.java:171) ~[server-1.19.2-20220805.130853-srg.jar%23315!/:?]
	at net.minecraft.world.item.crafting.RecipeManager.m_5787_(RecipeManager.java:67) ~[server-1.19.2-20220805.130853-srg.jar%23315!/:?]
	at net.minecraft.world.item.crafting.RecipeManager.m_5787_(RecipeManager.java:34) ~[server-1.19.2-20220805.130853-srg.jar%23315!/:?]
	at net.minecraft.server.packs.resources.SimplePreparableReloadListener.m_10789_(SimplePreparableReloadListener.java:13) ~[server-1.19.2-20220805.130853-srg.jar%23315!/:?]
	at java.util.concurrent.CompletableFuture$UniAccept.tryFire(CompletableFuture.java:718) ~[?:?]
	at java.util.concurrent.CompletableFuture$Completion.run(CompletableFuture.java:482) ~[?:?]
	at net.minecraft.server.packs.resources.SimpleReloadInstance.m_143940_(SimpleReloadInstance.java:69) ~[server-1.19.2-20220805.130853-srg.jar%23315!/:?]
	at net.minecraft.Util.m_214652_(Util.java:781) ~[server-1.19.2-20220805.130853-srg.jar%23315!/:?]
	at net.minecraft.Util.m_214679_(Util.java:770) ~[server-1.19.2-20220805.130853-srg.jar%23315!/:?]
	at net.minecraft.server.Main.main(Main.java:157) ~[server-1.19.2-20220805.130853-srg.jar%23315!/:?]
	at jdk.internal.reflect.DirectMethodHandleAccessor.invoke(DirectMethodHandleAccessor.java:103) ~[?:?]
	at java.lang.reflect.Method.invoke(Method.java:580) ~[?:?]
	at net.minecraftforge.fml.loading.targets.CommonServerLaunchHandler.lambda$launchService$0(CommonServerLaunchHandler.java:29) ~[fmlloader-1.19.2-43.4.0.jar%2367!/:?]
	at cpw.mods.modlauncher.LaunchServiceHandlerDecorator.launch(LaunchServiceHandlerDecorator.java:30) [modlauncher-10.0.8.jar%2354!/:?]
	at cpw.mods.modlauncher.LaunchServiceHandler.launch(LaunchServiceHandler.java:53) [modlauncher-10.0.8.jar%2354!/:?]
	at cpw.mods.modlauncher.LaunchServiceHandler.launch(LaunchServiceHandler.java:71) [modlauncher-10.0.8.jar%2354!/:?]
	at cpw.mods.modlauncher.Launcher.run(Launcher.java:106) [modlauncher-10.0.8.jar%2354!/:?]
	at cpw.mods.modlauncher.Launcher.main(Launcher.java:77) [modlauncher-10.0.8.jar%2354!/:?]
	at cpw.mods.modlauncher.BootstrapLaunchConsumer.accept(BootstrapLaunchConsumer.java:26) [modlauncher-10.0.8.jar%2354!/:?]
	at cpw.mods.modlauncher.BootstrapLaunchConsumer.accept(BootstrapLaunchConsumer.java:23) [modlauncher-10.0.8.jar%2354!/:?]
	at cpw.mods.bootstraplauncher.BootstrapLauncher.main(BootstrapLauncher.java:141) [bootstraplauncher-1.1.2.jar:?]
[02сент.2025 01:11:36.359] [main/ERROR] [net.minecraft.world.item.crafting.RecipeManager/]: Parsing error loading recipe mysticalagriculture:apalachia_fragments_from_essence
com.google.gson.JsonSyntaxException: Unknown item 'mysticalagriculture:apalachia_fragments_essence'
	at net.minecraft.world.item.crafting.ShapedRecipe.m_151280_(ShapedRecipe.java:275) ~[server-1.19.2-20220805.130853-srg.jar%23315!/:?]
	at java.util.Optional.orElseThrow(Optional.java:403) ~[?:?]
	at net.minecraft.world.item.crafting.ShapedRecipe.m_151278_(ShapedRecipe.java:274) ~[server-1.19.2-20220805.130853-srg.jar%23315!/:?]
	at net.minecraft.world.item.crafting.Ingredient.m_43919_(Ingredient.java:222) ~[server-1.19.2-20220805.130853-srg.jar%23315!/:?]
	at net.minecraftforge.common.crafting.VanillaIngredientSerializer.parse(VanillaIngredientSerializer.java:27) ~[forge-1.19.2-43.4.0-universal.jar%23320!/:?]
	at net.minecraftforge.common.crafting.CraftingHelper.getIngredient(CraftingHelper.java:142) ~[forge-1.19.2-43.4.0-universal.jar%23320!/:?]
	at net.minecraft.world.item.crafting.Ingredient.m_43917_(Ingredient.java:197) ~[server-1.19.2-20220805.130853-srg.jar%23315!/:?]
	at net.minecraft.world.item.crafting.ShapedRecipe.m_44210_(ShapedRecipe.java:261) ~[server-1.19.2-20220805.130853-srg.jar%23315!/:?]
	at net.minecraft.world.item.crafting.ShapedRecipe$Serializer.m_6729_(ShapedRecipe.java:288) ~[server-1.19.2-20220805.130853-srg.jar%23315!/:?]
	at net.minecraft.world.item.crafting.ShapedRecipe$Serializer.m_6729_(ShapedRecipe.java:284) ~[server-1.19.2-20220805.130853-srg.jar%23315!/:?]
	at net.minecraftforge.common.extensions.IForgeRecipeSerializer.fromJson(IForgeRecipeSerializer.java:23) ~[forge-1.19.2-43.4.0-universal.jar%23320!/:?]
	at net.minecraft.world.item.crafting.RecipeManager.fromJson(RecipeManager.java:171) ~[server-1.19.2-20220805.130853-srg.jar%23315!/:?]
	at net.minecraft.world.item.crafting.RecipeManager.m_5787_(RecipeManager.java:67) ~[server-1.19.2-20220805.130853-srg.jar%23315!/:?]
	at net.minecraft.world.item.crafting.RecipeManager.m_5787_(RecipeManager.java:34) ~[server-1.19.2-20220805.130853-srg.jar%23315!/:?]
	at net.minecraft.server.packs.resources.SimplePreparableReloadListener.m_10789_(SimplePreparableReloadListener.java:13) ~[server-1.19.2-20220805.130853-srg.jar%23315!/:?]
	at java.util.concurrent.CompletableFuture$UniAccept.tryFire(CompletableFuture.java:718) ~[?:?]
	at java.util.concurrent.CompletableFuture$Completion.run(CompletableFuture.java:482) ~[?:?]
	at net.minecraft.server.packs.resources.SimpleReloadInstance.m_143940_(SimpleReloadInstance.java:69) ~[server-1.19.2-20220805.130853-srg.jar%23315!/:?]
	at net.minecraft.Util.m_214652_(Util.java:781) ~[server-1.19.2-20220805.130853-srg.jar%23315!/:?]
	at net.minecraft.Util.m_214679_(Util.java:770) ~[server-1.19.2-20220805.130853-srg.jar%23315!/:?]
	at net.minecraft.server.Main.main(Main.java:157) ~[server-1.19.2-20220805.130853-srg.jar%23315!/:?]
	at jdk.internal.reflect.DirectMethodHandleAccessor.invoke(DirectMethodHandleAccessor.java:103) ~[?:?]
	at java.lang.reflect.Method.invoke(Method.java:580) ~[?:?]
	at net.minecraftforge.fml.loading.targets.CommonServerLaunchHandler.lambda$launchService$0(CommonServerLaunchHandler.java:29) ~[fmlloader-1.19.2-43.4.0.jar%2367!/:?]
	at cpw.mods.modlauncher.LaunchServiceHandlerDecorator.launch(LaunchServiceHandlerDecorator.java:30) [modlauncher-10.0.8.jar%2354!/:?]
	at cpw.mods.modlauncher.LaunchServiceHandler.launch(LaunchServiceHandler.java:53) [modlauncher-10.0.8.jar%2354!/:?]
	at cpw.mods.modlauncher.LaunchServiceHandler.launch(LaunchServiceHandler.java:71) [modlauncher-10.0.8.jar%2354!/:?]
	at cpw.mods.modlauncher.Launcher.run(Launcher.java:106) [modlauncher-10.0.8.jar%2354!/:?]
	at cpw.mods.modlauncher.Launcher.main(Launcher.java:77) [modlauncher-10.0.8.jar%2354!/:?]
	at cpw.mods.modlauncher.BootstrapLaunchConsumer.accept(BootstrapLaunchConsumer.java:26) [modlauncher-10.0.8.jar%2354!/:?]
	at cpw.mods.modlauncher.BootstrapLaunchConsumer.accept(BootstrapLaunchConsumer.java:23) [modlauncher-10.0.8.jar%2354!/:?]
	at cpw.mods.bootstraplauncher.BootstrapLauncher.main(BootstrapLauncher.java:141) [bootstraplauncher-1.1.2.jar:?]
[02сент.2025 01:11:36.370] [main/WARN] [Mantle/]: Using deprecated key 'name' for fluid ingredient, use 'fluid' instead. This will be removed in the future
[02сент.2025 01:11:36.371] [main/INFO] [net.minecraft.world.item.crafting.RecipeManager/]: Skipping loading recipe twilightforest:jeed/hunger as it's serializer returned null
[02сент.2025 01:11:36.387] [main/INFO] [net.minecraft.world.item.crafting.RecipeManager/]: Skipping loading recipe vampirism:vampire/blood_bottle as it's serializer returned null
[02сент.2025 01:11:36.466] [main/WARN] [Mantle/]: Using deprecated key 'name' for fluid ingredient, use 'fluid' instead. This will be removed in the future
[02сент.2025 01:11:36.497] [main/ERROR] [net.minecraft.world.item.crafting.RecipeManager/]: Parsing error loading recipe cozy_home:grandfather_clock_cherry_recipe
com.google.gson.JsonSyntaxException: Invalid item: minecraft:air
	at net.minecraft.world.item.crafting.ShapedRecipe.m_151278_(ShapedRecipe.java:278) ~[server-1.19.2-20220805.130853-srg.jar%23315!/:?]
	at net.minecraft.world.item.crafting.Ingredient.m_43919_(Ingredient.java:222) ~[server-1.19.2-20220805.130853-srg.jar%23315!/:?]
	at net.minecraftforge.common.crafting.VanillaIngredientSerializer.parse(VanillaIngredientSerializer.java:27) ~[forge-1.19.2-43.4.0-universal.jar%23320!/:?]
	at net.minecraftforge.common.crafting.CraftingHelper.getIngredient(CraftingHelper.java:142) ~[forge-1.19.2-43.4.0-universal.jar%23320!/:?]
	at net.minecraft.world.item.crafting.Ingredient.m_43917_(Ingredient.java:197) ~[server-1.19.2-20220805.130853-srg.jar%23315!/:?]
	at net.minecraft.world.item.crafting.ShapedRecipe.m_44210_(ShapedRecipe.java:261) ~[server-1.19.2-20220805.130853-srg.jar%23315!/:?]
	at net.minecraft.world.item.crafting.ShapedRecipe$Serializer.m_6729_(ShapedRecipe.java:288) ~[server-1.19.2-20220805.130853-srg.jar%23315!/:?]
	at net.minecraft.world.item.crafting.ShapedRecipe$Serializer.m_6729_(ShapedRecipe.java:284) ~[server-1.19.2-20220805.130853-srg.jar%23315!/:?]
	at net.minecraftforge.common.extensions.IForgeRecipeSerializer.fromJson(IForgeRecipeSerializer.java:23) ~[forge-1.19.2-43.4.0-universal.jar%23320!/:?]
	at net.minecraft.world.item.crafting.RecipeManager.fromJson(RecipeManager.java:171) ~[server-1.19.2-20220805.130853-srg.jar%23315!/:?]
	at net.minecraft.world.item.crafting.RecipeManager.m_5787_(RecipeManager.java:67) ~[server-1.19.2-20220805.130853-srg.jar%23315!/:?]
	at net.minecraft.world.item.crafting.RecipeManager.m_5787_(RecipeManager.java:34) ~[server-1.19.2-20220805.130853-srg.jar%23315!/:?]
	at net.minecraft.server.packs.resources.SimplePreparableReloadListener.m_10789_(SimplePreparableReloadListener.java:13) ~[server-1.19.2-20220805.130853-srg.jar%23315!/:?]
	at java.util.concurrent.CompletableFuture$UniAccept.tryFire(CompletableFuture.java:718) ~[?:?]
	at java.util.concurrent.CompletableFuture$Completion.run(CompletableFuture.java:482) ~[?:?]
	at net.minecraft.server.packs.resources.SimpleReloadInstance.m_143940_(SimpleReloadInstance.java:69) ~[server-1.19.2-20220805.130853-srg.jar%23315!/:?]
	at net.minecraft.Util.m_214652_(Util.java:781) ~[server-1.19.2-20220805.130853-srg.jar%23315!/:?]
	at net.minecraft.Util.m_214679_(Util.java:770) ~[server-1.19.2-20220805.130853-srg.jar%23315!/:?]
	at net.minecraft.server.Main.main(Main.java:157) ~[server-1.19.2-20220805.130853-srg.jar%23315!/:?]
	at jdk.internal.reflect.DirectMethodHandleAccessor.invoke(DirectMethodHandleAccessor.java:103) ~[?:?]
	at java.lang.reflect.Method.invoke(Method.java:580) ~[?:?]
	at net.minecraftforge.fml.loading.targets.CommonServerLaunchHandler.lambda$launchService$0(CommonServerLaunchHandler.java:29) ~[fmlloader-1.19.2-43.4.0.jar%2367!/:?]
	at cpw.mods.modlauncher.LaunchServiceHandlerDecorator.launch(LaunchServiceHandlerDecorator.java:30) [modlauncher-10.0.8.jar%2354!/:?]
	at cpw.mods.modlauncher.LaunchServiceHandler.launch(LaunchServiceHandler.java:53) [modlauncher-10.0.8.jar%2354!/:?]
	at cpw.mods.modlauncher.LaunchServiceHandler.launch(LaunchServiceHandler.java:71) [modlauncher-10.0.8.jar%2354!/:?]
	at cpw.mods.modlauncher.Launcher.run(Launcher.java:106) [modlauncher-10.0.8.jar%2354!/:?]
	at cpw.mods.modlauncher.Launcher.main(Launcher.java:77) [modlauncher-10.0.8.jar%2354!/:?]
	at cpw.mods.modlauncher.BootstrapLaunchConsumer.accept(BootstrapLaunchConsumer.java:26) [modlauncher-10.0.8.jar%2354!/:?]
	at cpw.mods.modlauncher.BootstrapLaunchConsumer.accept(BootstrapLaunchConsumer.java:23) [modlauncher-10.0.8.jar%2354!/:?]
	at cpw.mods.bootstraplauncher.BootstrapLauncher.main(BootstrapLauncher.java:141) [bootstraplauncher-1.1.2.jar:?]
[02сент.2025 01:11:36.514] [main/INFO] [net.minecraft.world.item.crafting.RecipeManager/]: Skipping loading recipe twilightforest:jeed/poison as it's serializer returned null
[02сент.2025 01:11:36.554] [main/ERROR] [net.minecraft.world.item.crafting.RecipeManager/]: Parsing error loading recipe mysticalagriculture:arlemite_ingots_from_essence
com.google.gson.JsonSyntaxException: Unknown item 'mysticalagriculture:arlemite_essence'
	at net.minecraft.world.item.crafting.ShapedRecipe.m_151280_(ShapedRecipe.java:275) ~[server-1.19.2-20220805.130853-srg.jar%23315!/:?]
	at java.util.Optional.orElseThrow(Optional.java:403) ~[?:?]
	at net.minecraft.world.item.crafting.ShapedRecipe.m_151278_(ShapedRecipe.java:274) ~[server-1.19.2-20220805.130853-srg.jar%23315!/:?]
	at net.minecraft.world.item.crafting.Ingredient.m_43919_(Ingredient.java:222) ~[server-1.19.2-20220805.130853-srg.jar%23315!/:?]
	at net.minecraftforge.common.crafting.VanillaIngredientSerializer.parse(VanillaIngredientSerializer.java:27) ~[forge-1.19.2-43.4.0-universal.jar%23320!/:?]
	at net.minecraftforge.common.crafting.CraftingHelper.getIngredient(CraftingHelper.java:142) ~[forge-1.19.2-43.4.0-universal.jar%23320!/:?]
	at net.minecraft.world.item.crafting.Ingredient.m_43917_(Ingredient.java:197) ~[server-1.19.2-20220805.130853-srg.jar%23315!/:?]
	at net.minecraft.world.item.crafting.ShapedRecipe.m_44210_(ShapedRecipe.java:261) ~[server-1.19.2-20220805.130853-srg.jar%23315!/:?]
	at net.minecraft.world.item.crafting.ShapedRecipe$Serializer.m_6729_(ShapedRecipe.java:288) ~[server-1.19.2-20220805.130853-srg.jar%23315!/:?]
	at net.minecraft.world.item.crafting.ShapedRecipe$Serializer.m_6729_(ShapedRecipe.java:284) ~[server-1.19.2-20220805.130853-srg.jar%23315!/:?]
	at net.minecraftforge.common.extensions.IForgeRecipeSerializer.fromJson(IForgeRecipeSerializer.java:23) ~[forge-1.19.2-43.4.0-universal.jar%23320!/:?]
	at net.minecraft.world.item.crafting.RecipeManager.fromJson(RecipeManager.java:171) ~[server-1.19.2-20220805.130853-srg.jar%23315!/:?]
	at net.minecraft.world.item.crafting.RecipeManager.m_5787_(RecipeManager.java:67) ~[server-1.19.2-20220805.130853-srg.jar%23315!/:?]
	at net.minecraft.world.item.crafting.RecipeManager.m_5787_(RecipeManager.java:34) ~[server-1.19.2-20220805.130853-srg.jar%23315!/:?]
	at net.minecraft.server.packs.resources.SimplePreparableReloadListener.m_10789_(SimplePreparableReloadListener.java:13) ~[server-1.19.2-20220805.130853-srg.jar%23315!/:?]
	at java.util.concurrent.CompletableFuture$UniAccept.tryFire(CompletableFuture.java:718) ~[?:?]
	at java.util.concurrent.CompletableFuture$Completion.run(CompletableFuture.java:482) ~[?:?]
	at net.minecraft.server.packs.resources.SimpleReloadInstance.m_143940_(SimpleReloadInstance.java:69) ~[server-1.19.2-20220805.130853-srg.jar%23315!/:?]
	at net.minecraft.Util.m_214652_(Util.java:781) ~[server-1.19.2-20220805.130853-srg.jar%23315!/:?]
	at net.minecraft.Util.m_214679_(Util.java:770) ~[server-1.19.2-20220805.130853-srg.jar%23315!/:?]
	at net.minecraft.server.Main.main(Main.java:157) ~[server-1.19.2-20220805.130853-srg.jar%23315!/:?]
	at jdk.internal.reflect.DirectMethodHandleAccessor.invoke(DirectMethodHandleAccessor.java:103) ~[?:?]
	at java.lang.reflect.Method.invoke(Method.java:580) ~[?:?]
	at net.minecraftforge.fml.loading.targets.CommonServerLaunchHandler.lambda$launchService$0(CommonServerLaunchHandler.java:29) ~[fmlloader-1.19.2-43.4.0.jar%2367!/:?]
	at cpw.mods.modlauncher.LaunchServiceHandlerDecorator.launch(LaunchServiceHandlerDecorator.java:30) [modlauncher-10.0.8.jar%2354!/:?]
	at cpw.mods.modlauncher.LaunchServiceHandler.launch(LaunchServiceHandler.java:53) [modlauncher-10.0.8.jar%2354!/:?]
	at cpw.mods.modlauncher.LaunchServiceHandler.launch(LaunchServiceHandler.java:71) [modlauncher-10.0.8.jar%2354!/:?]
	at cpw.mods.modlauncher.Launcher.run(Launcher.java:106) [modlauncher-10.0.8.jar%2354!/:?]
	at cpw.mods.modlauncher.Launcher.main(Launcher.java:77) [modlauncher-10.0.8.jar%2354!/:?]
	at cpw.mods.modlauncher.BootstrapLaunchConsumer.accept(BootstrapLaunchConsumer.java:26) [modlauncher-10.0.8.jar%2354!/:?]
	at cpw.mods.modlauncher.BootstrapLaunchConsumer.accept(BootstrapLaunchConsumer.java:23) [modlauncher-10.0.8.jar%2354!/:?]
	at cpw.mods.bootstraplauncher.BootstrapLauncher.main(BootstrapLauncher.java:141) [bootstraplauncher-1.1.2.jar:?]
[02сент.2025 01:11:36.603] [main/WARN] [Mantle/]: Using deprecated key 'name' for fluid ingredient, use 'fluid' instead. This will be removed in the future
[02сент.2025 01:11:36.624] [main/WARN] [Mantle/]: Using deprecated key 'name' for fluid ingredient, use 'fluid' instead. This will be removed in the future
[02сент.2025 01:11:36.626] [main/ERROR] [net.minecraft.world.item.crafting.RecipeManager/]: Parsing error loading recipe create:filling/compat/vampirism/cursed_grass_block
com.google.gson.JsonSyntaxException: Unknown item 'vampirism:cursed_dirt'
	at net.minecraft.world.item.crafting.ShapedRecipe.m_151280_(ShapedRecipe.java:275) ~[server-1.19.2-20220805.130853-srg.jar%23315!/:?]
	at java.util.Optional.orElseThrow(Optional.java:403) ~[?:?]
	at net.minecraft.world.item.crafting.ShapedRecipe.m_151278_(ShapedRecipe.java:274) ~[server-1.19.2-20220805.130853-srg.jar%23315!/:?]
	at net.minecraft.world.item.crafting.Ingredient.m_43919_(Ingredient.java:222) ~[server-1.19.2-20220805.130853-srg.jar%23315!/:?]
	at net.minecraftforge.common.crafting.VanillaIngredientSerializer.parse(VanillaIngredientSerializer.java:27) ~[forge-1.19.2-43.4.0-universal.jar%23320!/:?]
	at net.minecraftforge.common.crafting.CraftingHelper.getIngredient(CraftingHelper.java:142) ~[forge-1.19.2-43.4.0-universal.jar%23320!/:?]
	at net.minecraft.world.item.crafting.Ingredient.m_43917_(Ingredient.java:197) ~[server-1.19.2-20220805.130853-srg.jar%23315!/:?]
	at com.simibubi.create.content.processing.recipe.ProcessingRecipeSerializer.readFromJson(ProcessingRecipeSerializer.java:66) ~[create-1.19.2-0.5.1.i.jar%23226!/:0.5.1.i]
	at com.simibubi.create.content.processing.recipe.ProcessingRecipeSerializer.fromJson(ProcessingRecipeSerializer.java:154) ~[create-1.19.2-0.5.1.i.jar%23226!/:0.5.1.i]
	at com.simibubi.create.content.processing.recipe.ProcessingRecipeSerializer.m_6729_(ProcessingRecipeSerializer.java:21) ~[create-1.19.2-0.5.1.i.jar%23226!/:0.5.1.i]
	at net.minecraftforge.common.extensions.IForgeRecipeSerializer.fromJson(IForgeRecipeSerializer.java:23) ~[forge-1.19.2-43.4.0-universal.jar%23320!/:?]
	at net.minecraft.world.item.crafting.RecipeManager.fromJson(RecipeManager.java:171) ~[server-1.19.2-20220805.130853-srg.jar%23315!/:?]
	at net.minecraft.world.item.crafting.RecipeManager.m_5787_(RecipeManager.java:67) ~[server-1.19.2-20220805.130853-srg.jar%23315!/:?]
	at net.minecraft.world.item.crafting.RecipeManager.m_5787_(RecipeManager.java:34) ~[server-1.19.2-20220805.130853-srg.jar%23315!/:?]
	at net.minecraft.server.packs.resources.SimplePreparableReloadListener.m_10789_(SimplePreparableReloadListener.java:13) ~[server-1.19.2-20220805.130853-srg.jar%23315!/:?]
	at java.util.concurrent.CompletableFuture$UniAccept.tryFire(CompletableFuture.java:718) ~[?:?]
	at java.util.concurrent.CompletableFuture$Completion.run(CompletableFuture.java:482) ~[?:?]
	at net.minecraft.server.packs.resources.SimpleReloadInstance.m_143940_(SimpleReloadInstance.java:69) ~[server-1.19.2-20220805.130853-srg.jar%23315!/:?]
	at net.minecraft.Util.m_214652_(Util.java:781) ~[server-1.19.2-20220805.130853-srg.jar%23315!/:?]
	at net.minecraft.Util.m_214679_(Util.java:770) ~[server-1.19.2-20220805.130853-srg.jar%23315!/:?]
	at net.minecraft.server.Main.main(Main.java:157) ~[server-1.19.2-20220805.130853-srg.jar%23315!/:?]
	at jdk.internal.reflect.DirectMethodHandleAccessor.invoke(DirectMethodHandleAccessor.java:103) ~[?:?]
	at java.lang.reflect.Method.invoke(Method.java:580) ~[?:?]
	at net.minecraftforge.fml.loading.targets.CommonServerLaunchHandler.lambda$launchService$0(CommonServerLaunchHandler.java:29) ~[fmlloader-1.19.2-43.4.0.jar%2367!/:?]
	at cpw.mods.modlauncher.LaunchServiceHandlerDecorator.launch(LaunchServiceHandlerDecorator.java:30) [modlauncher-10.0.8.jar%2354!/:?]
	at cpw.mods.modlauncher.LaunchServiceHandler.launch(LaunchServiceHandler.java:53) [modlauncher-10.0.8.jar%2354!/:?]
	at cpw.mods.modlauncher.LaunchServiceHandler.launch(LaunchServiceHandler.java:71) [modlauncher-10.0.8.jar%2354!/:?]
	at cpw.mods.modlauncher.Launcher.run(Launcher.java:106) [modlauncher-10.0.8.jar%2354!/:?]
	at cpw.mods.modlauncher.Launcher.main(Launcher.java:77) [modlauncher-10.0.8.jar%2354!/:?]
	at cpw.mods.modlauncher.BootstrapLaunchConsumer.accept(BootstrapLaunchConsumer.java:26) [modlauncher-10.0.8.jar%2354!/:?]
	at cpw.mods.modlauncher.BootstrapLaunchConsumer.accept(BootstrapLaunchConsumer.java:23) [modlauncher-10.0.8.jar%2354!/:?]
	at cpw.mods.bootstraplauncher.BootstrapLauncher.main(BootstrapLauncher.java:141) [bootstraplauncher-1.1.2.jar:?]
[02сент.2025 01:11:36.635] [main/ERROR] [net.minecraft.world.item.crafting.RecipeManager/]: Parsing error loading recipe mysticalagriculture:eden_fragments_from_essence
com.google.gson.JsonSyntaxException: Unknown item 'mysticalagriculture:eden_fragments_essence'
	at net.minecraft.world.item.crafting.ShapedRecipe.m_151280_(ShapedRecipe.java:275) ~[server-1.19.2-20220805.130853-srg.jar%23315!/:?]
	at java.util.Optional.orElseThrow(Optional.java:403) ~[?:?]
	at net.minecraft.world.item.crafting.ShapedRecipe.m_151278_(ShapedRecipe.java:274) ~[server-1.19.2-20220805.130853-srg.jar%23315!/:?]
	at net.minecraft.world.item.crafting.Ingredient.m_43919_(Ingredient.java:222) ~[server-1.19.2-20220805.130853-srg.jar%23315!/:?]
	at net.minecraftforge.common.crafting.VanillaIngredientSerializer.parse(VanillaIngredientSerializer.java:27) ~[forge-1.19.2-43.4.0-universal.jar%23320!/:?]
	at net.minecraftforge.common.crafting.CraftingHelper.getIngredient(CraftingHelper.java:142) ~[forge-1.19.2-43.4.0-universal.jar%23320!/:?]
	at net.minecraft.world.item.crafting.Ingredient.m_43917_(Ingredient.java:197) ~[server-1.19.2-20220805.130853-srg.jar%23315!/:?]
	at net.minecraft.world.item.crafting.ShapedRecipe.m_44210_(ShapedRecipe.java:261) ~[server-1.19.2-20220805.130853-srg.jar%23315!/:?]
	at net.minecraft.world.item.crafting.ShapedRecipe$Serializer.m_6729_(ShapedRecipe.java:288) ~[server-1.19.2-20220805.130853-srg.jar%23315!/:?]
	at net.minecraft.world.item.crafting.ShapedRecipe$Serializer.m_6729_(ShapedRecipe.java:284) ~[server-1.19.2-20220805.130853-srg.jar%23315!/:?]
	at net.minecraftforge.common.extensions.IForgeRecipeSerializer.fromJson(IForgeRecipeSerializer.java:23) ~[forge-1.19.2-43.4.0-universal.jar%23320!/:?]
	at net.minecraft.world.item.crafting.RecipeManager.fromJson(RecipeManager.java:171) ~[server-1.19.2-20220805.130853-srg.jar%23315!/:?]
	at net.minecraft.world.item.crafting.RecipeManager.m_5787_(RecipeManager.java:67) ~[server-1.19.2-20220805.130853-srg.jar%23315!/:?]
	at net.minecraft.world.item.crafting.RecipeManager.m_5787_(RecipeManager.java:34) ~[server-1.19.2-20220805.130853-srg.jar%23315!/:?]
	at net.minecraft.server.packs.resources.SimplePreparableReloadListener.m_10789_(SimplePreparableReloadListener.java:13) ~[server-1.19.2-20220805.130853-srg.jar%23315!/:?]
	at java.util.concurrent.CompletableFuture$UniAccept.tryFire(CompletableFuture.java:718) ~[?:?]
	at java.util.concurrent.CompletableFuture$Completion.run(CompletableFuture.java:482) ~[?:?]
	at net.minecraft.server.packs.resources.SimpleReloadInstance.m_143940_(SimpleReloadInstance.java:69) ~[server-1.19.2-20220805.130853-srg.jar%23315!/:?]
	at net.minecraft.Util.m_214652_(Util.java:781) ~[server-1.19.2-20220805.130853-srg.jar%23315!/:?]
	at net.minecraft.Util.m_214679_(Util.java:770) ~[server-1.19.2-20220805.130853-srg.jar%23315!/:?]
	at net.minecraft.server.Main.main(Main.java:157) ~[server-1.19.2-20220805.130853-srg.jar%23315!/:?]
	at jdk.internal.reflect.DirectMethodHandleAccessor.invoke(DirectMethodHandleAccessor.java:103) ~[?:?]
	at java.lang.reflect.Method.invoke(Method.java:580) ~[?:?]
	at net.minecraftforge.fml.loading.targets.CommonServerLaunchHandler.lambda$launchService$0(CommonServerLaunchHandler.java:29) ~[fmlloader-1.19.2-43.4.0.jar%2367!/:?]
	at cpw.mods.modlauncher.LaunchServiceHandlerDecorator.launch(LaunchServiceHandlerDecorator.java:30) [modlauncher-10.0.8.jar%2354!/:?]
	at cpw.mods.modlauncher.LaunchServiceHandler.launch(LaunchServiceHandler.java:53) [modlauncher-10.0.8.jar%2354!/:?]
	at cpw.mods.modlauncher.LaunchServiceHandler.launch(LaunchServiceHandler.java:71) [modlauncher-10.0.8.jar%2354!/:?]
	at cpw.mods.modlauncher.Launcher.run(Launcher.java:106) [modlauncher-10.0.8.jar%2354!/:?]
	at cpw.mods.modlauncher.Launcher.main(Launcher.java:77) [modlauncher-10.0.8.jar%2354!/:?]
	at cpw.mods.modlauncher.BootstrapLaunchConsumer.accept(BootstrapLaunchConsumer.java:26) [modlauncher-10.0.8.jar%2354!/:?]
	at cpw.mods.modlauncher.BootstrapLaunchConsumer.accept(BootstrapLaunchConsumer.java:23) [modlauncher-10.0.8.jar%2354!/:?]
	at cpw.mods.bootstraplauncher.BootstrapLauncher.main(BootstrapLauncher.java:141) [bootstraplauncher-1.1.2.jar:?]
[02сент.2025 01:11:36.637] [main/WARN] [Mantle/]: Using deprecated key 'name' for fluid ingredient, use 'fluid' instead. This will be removed in the future
[02сент.2025 01:11:36.647] [main/ERROR] [net.minecraft.world.item.crafting.RecipeManager/]: Parsing error loading recipe yuushya:wood/raw_bamboo
com.google.gson.JsonSyntaxException: Unknown item 'minecraft:bamboo_block'
	at net.minecraft.world.item.crafting.ShapedRecipe.m_151280_(ShapedRecipe.java:275) ~[server-1.19.2-20220805.130853-srg.jar%23315!/:?]
	at java.util.Optional.orElseThrow(Optional.java:403) ~[?:?]
	at net.minecraft.world.item.crafting.ShapedRecipe.m_151278_(ShapedRecipe.java:274) ~[server-1.19.2-20220805.130853-srg.jar%23315!/:?]
	at net.minecraft.world.item.crafting.Ingredient.m_43919_(Ingredient.java:222) ~[server-1.19.2-20220805.130853-srg.jar%23315!/:?]
	at net.minecraftforge.common.crafting.VanillaIngredientSerializer.parse(VanillaIngredientSerializer.java:27) ~[forge-1.19.2-43.4.0-universal.jar%23320!/:?]
	at net.minecraftforge.common.crafting.CraftingHelper.getIngredient(CraftingHelper.java:142) ~[forge-1.19.2-43.4.0-universal.jar%23320!/:?]
	at net.minecraft.world.item.crafting.Ingredient.m_43917_(Ingredient.java:197) ~[server-1.19.2-20220805.130853-srg.jar%23315!/:?]
	at net.minecraft.world.item.crafting.SingleItemRecipe$Serializer.m_6729_(SingleItemRecipe.java:90) ~[server-1.19.2-20220805.130853-srg.jar%23315!/:?]
	at net.minecraft.world.item.crafting.SingleItemRecipe$Serializer.m_6729_(SingleItemRecipe.java:71) ~[server-1.19.2-20220805.130853-srg.jar%23315!/:?]
	at net.minecraftforge.common.extensions.IForgeRecipeSerializer.fromJson(IForgeRecipeSerializer.java:23) ~[forge-1.19.2-43.4.0-universal.jar%23320!/:?]
	at net.minecraft.world.item.crafting.RecipeManager.fromJson(RecipeManager.java:171) ~[server-1.19.2-20220805.130853-srg.jar%23315!/:?]
	at net.minecraft.world.item.crafting.RecipeManager.m_5787_(RecipeManager.java:67) ~[server-1.19.2-20220805.130853-srg.jar%23315!/:?]
	at net.minecraft.world.item.crafting.RecipeManager.m_5787_(RecipeManager.java:34) ~[server-1.19.2-20220805.130853-srg.jar%23315!/:?]
	at net.minecraft.server.packs.resources.SimplePreparableReloadListener.m_10789_(SimplePreparableReloadListener.java:13) ~[server-1.19.2-20220805.130853-srg.jar%23315!/:?]
	at java.util.concurrent.CompletableFuture$UniAccept.tryFire(CompletableFuture.java:718) ~[?:?]
	at java.util.concurrent.CompletableFuture$Completion.run(CompletableFuture.java:482) ~[?:?]
	at net.minecraft.server.packs.resources.SimpleReloadInstance.m_143940_(SimpleReloadInstance.java:69) ~[server-1.19.2-20220805.130853-srg.jar%23315!/:?]
	at net.minecraft.Util.m_214652_(Util.java:781) ~[server-1.19.2-20220805.130853-srg.jar%23315!/:?]
	at net.minecraft.Util.m_214679_(Util.java:770) ~[server-1.19.2-20220805.130853-srg.jar%23315!/:?]
	at net.minecraft.server.Main.main(Main.java:157) ~[server-1.19.2-20220805.130853-srg.jar%23315!/:?]
	at jdk.internal.reflect.DirectMethodHandleAccessor.invoke(DirectMethodHandleAccessor.java:103) ~[?:?]
	at java.lang.reflect.Method.invoke(Method.java:580) ~[?:?]
	at net.minecraftforge.fml.loading.targets.CommonServerLaunchHandler.lambda$launchService$0(CommonServerLaunchHandler.java:29) ~[fmlloader-1.19.2-43.4.0.jar%2367!/:?]
	at cpw.mods.modlauncher.LaunchServiceHandlerDecorator.launch(LaunchServiceHandlerDecorator.java:30) [modlauncher-10.0.8.jar%2354!/:?]
	at cpw.mods.modlauncher.LaunchServiceHandler.launch(LaunchServiceHandler.java:53) [modlauncher-10.0.8.jar%2354!/:?]
	at cpw.mods.modlauncher.LaunchServiceHandler.launch(LaunchServiceHandler.java:71) [modlauncher-10.0.8.jar%2354!/:?]
	at cpw.mods.modlauncher.Launcher.run(Launcher.java:106) [modlauncher-10.0.8.jar%2354!/:?]
	at cpw.mods.modlauncher.Launcher.main(Launcher.java:77) [modlauncher-10.0.8.jar%2354!/:?]
	at cpw.mods.modlauncher.BootstrapLaunchConsumer.accept(BootstrapLaunchConsumer.java:26) [modlauncher-10.0.8.jar%2354!/:?]
	at cpw.mods.modlauncher.BootstrapLaunchConsumer.accept(BootstrapLaunchConsumer.java:23) [modlauncher-10.0.8.jar%2354!/:?]
	at cpw.mods.bootstraplauncher.BootstrapLauncher.main(BootstrapLauncher.java:141) [bootstraplauncher-1.1.2.jar:?]
[02сент.2025 01:11:36.649] [main/INFO] [net.minecraft.world.item.crafting.RecipeManager/]: Skipping loading recipe twilightforest:jeed/regeneration as it's serializer returned null
[02сент.2025 01:11:36.651] [main/WARN] [Mantle/]: Using deprecated key 'name' for fluid ingredient, use 'fluid' instead. This will be removed in the future
[02сент.2025 01:11:36.659] [main/INFO] [net.minecraft.world.item.crafting.RecipeManager/]: Skipping loading recipe twilightforest:jeed/fire_resistance as it's serializer returned null
[02сент.2025 01:11:36.665] [main/WARN] [Mantle/]: Using deprecated key 'name' for fluid ingredient, use 'fluid' instead. This will be removed in the future
[02сент.2025 01:11:36.684] [main/WARN] [Mantle/]: Using deprecated key 'name' for fluid ingredient, use 'fluid' instead. This will be removed in the future
[02сент.2025 01:11:36.715] [main/INFO] [net.minecraft.world.item.crafting.RecipeManager/]: Skipping loading recipe twilightforest:jeed/frosted as it's serializer returned null
[02сент.2025 01:11:36.743] [main/WARN] [Mantle/]: Using deprecated key 'name' for fluid ingredient, use 'fluid' instead. This will be removed in the future
[02сент.2025 01:11:36.746] [main/WARN] [Mantle/]: Using deprecated key 'name' for fluid ingredient, use 'fluid' instead. This will be removed in the future
[02сент.2025 01:11:36.784] [main/ERROR] [net.minecraft.world.item.crafting.RecipeManager/]: Parsing error loading recipe mysticalagriculture:torridite_ingots_from_essence
com.google.gson.JsonSyntaxException: Unknown item 'mysticalagriculture:torridite_essence'
	at net.minecraft.world.item.crafting.ShapedRecipe.m_151280_(ShapedRecipe.java:275) ~[server-1.19.2-20220805.130853-srg.jar%23315!/:?]
	at java.util.Optional.orElseThrow(Optional.java:403) ~[?:?]
	at net.minecraft.world.item.crafting.ShapedRecipe.m_151278_(ShapedRecipe.java:274) ~[server-1.19.2-20220805.130853-srg.jar%23315!/:?]
	at net.minecraft.world.item.crafting.Ingredient.m_43919_(Ingredient.java:222) ~[server-1.19.2-20220805.130853-srg.jar%23315!/:?]
	at net.minecraftforge.common.crafting.VanillaIngredientSerializer.parse(VanillaIngredientSerializer.java:27) ~[forge-1.19.2-43.4.0-universal.jar%23320!/:?]
	at net.minecraftforge.common.crafting.CraftingHelper.getIngredient(CraftingHelper.java:142) ~[forge-1.19.2-43.4.0-universal.jar%23320!/:?]
	at net.minecraft.world.item.crafting.Ingredient.m_43917_(Ingredient.java:197) ~[server-1.19.2-20220805.130853-srg.jar%23315!/:?]
	at net.minecraft.world.item.crafting.ShapedRecipe.m_44210_(ShapedRecipe.java:261) ~[server-1.19.2-20220805.130853-srg.jar%23315!/:?]
	at net.minecraft.world.item.crafting.ShapedRecipe$Serializer.m_6729_(ShapedRecipe.java:288) ~[server-1.19.2-20220805.130853-srg.jar%23315!/:?]
	at net.minecraft.world.item.crafting.ShapedRecipe$Serializer.m_6729_(ShapedRecipe.java:284) ~[server-1.19.2-20220805.130853-srg.jar%23315!/:?]
	at net.minecraftforge.common.extensions.IForgeRecipeSerializer.fromJson(IForgeRecipeSerializer.java:23) ~[forge-1.19.2-43.4.0-universal.jar%23320!/:?]
	at net.minecraft.world.item.crafting.RecipeManager.fromJson(RecipeManager.java:171) ~[server-1.19.2-20220805.130853-srg.jar%23315!/:?]
	at net.minecraft.world.item.crafting.RecipeManager.m_5787_(RecipeManager.java:67) ~[server-1.19.2-20220805.130853-srg.jar%23315!/:?]
	at net.minecraft.world.item.crafting.RecipeManager.m_5787_(RecipeManager.java:34) ~[server-1.19.2-20220805.130853-srg.jar%23315!/:?]
	at net.minecraft.server.packs.resources.SimplePreparableReloadListener.m_10789_(SimplePreparableReloadListener.java:13) ~[server-1.19.2-20220805.130853-srg.jar%23315!/:?]
	at java.util.concurrent.CompletableFuture$UniAccept.tryFire(CompletableFuture.java:718) ~[?:?]
	at java.util.concurrent.CompletableFuture$Completion.run(CompletableFuture.java:482) ~[?:?]
	at net.minecraft.server.packs.resources.SimpleReloadInstance.m_143940_(SimpleReloadInstance.java:69) ~[server-1.19.2-20220805.130853-srg.jar%23315!/:?]
	at net.minecraft.Util.m_214652_(Util.java:781) ~[server-1.19.2-20220805.130853-srg.jar%23315!/:?]
	at net.minecraft.Util.m_214679_(Util.java:770) ~[server-1.19.2-20220805.130853-srg.jar%23315!/:?]
	at net.minecraft.server.Main.main(Main.java:157) ~[server-1.19.2-20220805.130853-srg.jar%23315!/:?]
	at jdk.internal.reflect.DirectMethodHandleAccessor.invoke(DirectMethodHandleAccessor.java:103) ~[?:?]
	at java.lang.reflect.Method.invoke(Method.java:580) ~[?:?]
	at net.minecraftforge.fml.loading.targets.CommonServerLaunchHandler.lambda$launchService$0(CommonServerLaunchHandler.java:29) ~[fmlloader-1.19.2-43.4.0.jar%2367!/:?]
	at cpw.mods.modlauncher.LaunchServiceHandlerDecorator.launch(LaunchServiceHandlerDecorator.java:30) [modlauncher-10.0.8.jar%2354!/:?]
	at cpw.mods.modlauncher.LaunchServiceHandler.launch(LaunchServiceHandler.java:53) [modlauncher-10.0.8.jar%2354!/:?]
	at cpw.mods.modlauncher.LaunchServiceHandler.launch(LaunchServiceHandler.java:71) [modlauncher-10.0.8.jar%2354!/:?]
	at cpw.mods.modlauncher.Launcher.run(Launcher.java:106) [modlauncher-10.0.8.jar%2354!/:?]
	at cpw.mods.modlauncher.Launcher.main(Launcher.java:77) [modlauncher-10.0.8.jar%2354!/:?]
	at cpw.mods.modlauncher.BootstrapLaunchConsumer.accept(BootstrapLaunchConsumer.java:26) [modlauncher-10.0.8.jar%2354!/:?]
	at cpw.mods.modlauncher.BootstrapLaunchConsumer.accept(BootstrapLaunchConsumer.java:23) [modlauncher-10.0.8.jar%2354!/:?]
	at cpw.mods.bootstraplauncher.BootstrapLauncher.main(BootstrapLauncher.java:141) [bootstraplauncher-1.1.2.jar:?]
[02сент.2025 01:11:36.785] [main/ERROR] [net.minecraft.world.item.crafting.RecipeManager/]: Parsing error loading recipe mysticalagriculture:wildwood_fragments_from_essence
com.google.gson.JsonSyntaxException: Unknown item 'mysticalagriculture:wildwood_fragments_essence'
	at net.minecraft.world.item.crafting.ShapedRecipe.m_151280_(ShapedRecipe.java:275) ~[server-1.19.2-20220805.130853-srg.jar%23315!/:?]
	at java.util.Optional.orElseThrow(Optional.java:403) ~[?:?]
	at net.minecraft.world.item.crafting.ShapedRecipe.m_151278_(ShapedRecipe.java:274) ~[server-1.19.2-20220805.130853-srg.jar%23315!/:?]
	at net.minecraft.world.item.crafting.Ingredient.m_43919_(Ingredient.java:222) ~[server-1.19.2-20220805.130853-srg.jar%23315!/:?]
	at net.minecraftforge.common.crafting.VanillaIngredientSerializer.parse(VanillaIngredientSerializer.java:27) ~[forge-1.19.2-43.4.0-universal.jar%23320!/:?]
	at net.minecraftforge.common.crafting.CraftingHelper.getIngredient(CraftingHelper.java:142) ~[forge-1.19.2-43.4.0-universal.jar%23320!/:?]
	at net.minecraft.world.item.crafting.Ingredient.m_43917_(Ingredient.java:197) ~[server-1.19.2-20220805.130853-srg.jar%23315!/:?]
	at net.minecraft.world.item.crafting.ShapedRecipe.m_44210_(ShapedRecipe.java:261) ~[server-1.19.2-20220805.130853-srg.jar%23315!/:?]
	at net.minecraft.world.item.crafting.ShapedRecipe$Serializer.m_6729_(ShapedRecipe.java:288) ~[server-1.19.2-20220805.130853-srg.jar%23315!/:?]
	at net.minecraft.world.item.crafting.ShapedRecipe$Serializer.m_6729_(ShapedRecipe.java:284) ~[server-1.19.2-20220805.130853-srg.jar%23315!/:?]
	at net.minecraftforge.common.extensions.IForgeRecipeSerializer.fromJson(IForgeRecipeSerializer.java:23) ~[forge-1.19.2-43.4.0-universal.jar%23320!/:?]
	at net.minecraft.world.item.crafting.RecipeManager.fromJson(RecipeManager.java:171) ~[server-1.19.2-20220805.130853-srg.jar%23315!/:?]
	at net.minecraft.world.item.crafting.RecipeManager.m_5787_(RecipeManager.java:67) ~[server-1.19.2-20220805.130853-srg.jar%23315!/:?]
	at net.minecraft.world.item.crafting.RecipeManager.m_5787_(RecipeManager.java:34) ~[server-1.19.2-20220805.130853-srg.jar%23315!/:?]
	at net.minecraft.server.packs.resources.SimplePreparableReloadListener.m_10789_(SimplePreparableReloadListener.java:13) ~[server-1.19.2-20220805.130853-srg.jar%23315!/:?]
	at java.util.concurrent.CompletableFuture$UniAccept.tryFire(CompletableFuture.java:718) ~[?:?]
	at java.util.concurrent.CompletableFuture$Completion.run(CompletableFuture.java:482) ~[?:?]
	at net.minecraft.server.packs.resources.SimpleReloadInstance.m_143940_(SimpleReloadInstance.java:69) ~[server-1.19.2-20220805.130853-srg.jar%23315!/:?]
	at net.minecraft.Util.m_214652_(Util.java:781) ~[server-1.19.2-20220805.130853-srg.jar%23315!/:?]
	at net.minecraft.Util.m_214679_(Util.java:770) ~[server-1.19.2-20220805.130853-srg.jar%23315!/:?]
	at net.minecraft.server.Main.main(Main.java:157) ~[server-1.19.2-20220805.130853-srg.jar%23315!/:?]
	at jdk.internal.reflect.DirectMethodHandleAccessor.invoke(DirectMethodHandleAccessor.java:103) ~[?:?]
	at java.lang.reflect.Method.invoke(Method.java:580) ~[?:?]
	at net.minecraftforge.fml.loading.targets.CommonServerLaunchHandler.lambda$launchService$0(CommonServerLaunchHandler.java:29) ~[fmlloader-1.19.2-43.4.0.jar%2367!/:?]
	at cpw.mods.modlauncher.LaunchServiceHandlerDecorator.launch(LaunchServiceHandlerDecorator.java:30) [modlauncher-10.0.8.jar%2354!/:?]
	at cpw.mods.modlauncher.LaunchServiceHandler.launch(LaunchServiceHandler.java:53) [modlauncher-10.0.8.jar%2354!/:?]
	at cpw.mods.modlauncher.LaunchServiceHandler.launch(LaunchServiceHandler.java:71) [modlauncher-10.0.8.jar%2354!/:?]
	at cpw.mods.modlauncher.Launcher.run(Launcher.java:106) [modlauncher-10.0.8.jar%2354!/:?]
	at cpw.mods.modlauncher.Launcher.main(Launcher.java:77) [modlauncher-10.0.8.jar%2354!/:?]
	at cpw.mods.modlauncher.BootstrapLaunchConsumer.accept(BootstrapLaunchConsumer.java:26) [modlauncher-10.0.8.jar%2354!/:?]
	at cpw.mods.modlauncher.BootstrapLaunchConsumer.accept(BootstrapLaunchConsumer.java:23) [modlauncher-10.0.8.jar%2354!/:?]
	at cpw.mods.bootstraplauncher.BootstrapLauncher.main(BootstrapLauncher.java:141) [bootstraplauncher-1.1.2.jar:?]
[02сент.2025 01:11:36.791] [main/INFO] [net.minecraft.world.item.crafting.RecipeManager/]: Skipping loading recipe twilightforest:jeed/blindness as it's serializer returned null
[02сент.2025 01:11:36.820] [main/ERROR] [net.minecraft.world.item.crafting.RecipeManager/]: Parsing error loading recipe mysticalagriculture:mortum_fragments_from_essence
com.google.gson.JsonSyntaxException: Unknown item 'mysticalagriculture:mortum_fragments_essence'
	at net.minecraft.world.item.crafting.ShapedRecipe.m_151280_(ShapedRecipe.java:275) ~[server-1.19.2-20220805.130853-srg.jar%23315!/:?]
	at java.util.Optional.orElseThrow(Optional.java:403) ~[?:?]
	at net.minecraft.world.item.crafting.ShapedRecipe.m_151278_(ShapedRecipe.java:274) ~[server-1.19.2-20220805.130853-srg.jar%23315!/:?]
	at net.minecraft.world.item.crafting.Ingredient.m_43919_(Ingredient.java:222) ~[server-1.19.2-20220805.130853-srg.jar%23315!/:?]
	at net.minecraftforge.common.crafting.VanillaIngredientSerializer.parse(VanillaIngredientSerializer.java:27) ~[forge-1.19.2-43.4.0-universal.jar%23320!/:?]
	at net.minecraftforge.common.crafting.CraftingHelper.getIngredient(CraftingHelper.java:142) ~[forge-1.19.2-43.4.0-universal.jar%23320!/:?]
	at net.minecraft.world.item.crafting.Ingredient.m_43917_(Ingredient.java:197) ~[server-1.19.2-20220805.130853-srg.jar%23315!/:?]
	at net.minecraft.world.item.crafting.ShapedRecipe.m_44210_(ShapedRecipe.java:261) ~[server-1.19.2-20220805.130853-srg.jar%23315!/:?]
	at net.minecraft.world.item.crafting.ShapedRecipe$Serializer.m_6729_(ShapedRecipe.java:288) ~[server-1.19.2-20220805.130853-srg.jar%23315!/:?]
	at net.minecraft.world.item.crafting.ShapedRecipe$Serializer.m_6729_(ShapedRecipe.java:284) ~[server-1.19.2-20220805.130853-srg.jar%23315!/:?]
	at net.minecraftforge.common.extensions.IForgeRecipeSerializer.fromJson(IForgeRecipeSerializer.java:23) ~[forge-1.19.2-43.4.0-universal.jar%23320!/:?]
	at net.minecraft.world.item.crafting.RecipeManager.fromJson(RecipeManager.java:171) ~[server-1.19.2-20220805.130853-srg.jar%23315!/:?]
	at net.minecraft.world.item.crafting.RecipeManager.m_5787_(RecipeManager.java:67) ~[server-1.19.2-20220805.130853-srg.jar%23315!/:?]
	at net.minecraft.world.item.crafting.RecipeManager.m_5787_(RecipeManager.java:34) ~[server-1.19.2-20220805.130853-srg.jar%23315!/:?]
	at net.minecraft.server.packs.resources.SimplePreparableReloadListener.m_10789_(SimplePreparableReloadListener.java:13) ~[server-1.19.2-20220805.130853-srg.jar%23315!/:?]
	at java.util.concurrent.CompletableFuture$UniAccept.tryFire(CompletableFuture.java:718) ~[?:?]
	at java.util.concurrent.CompletableFuture$Completion.run(CompletableFuture.java:482) ~[?:?]
	at net.minecraft.server.packs.resources.SimpleReloadInstance.m_143940_(SimpleReloadInstance.java:69) ~[server-1.19.2-20220805.130853-srg.jar%23315!/:?]
	at net.minecraft.Util.m_214652_(Util.java:781) ~[server-1.19.2-20220805.130853-srg.jar%23315!/:?]
	at net.minecraft.Util.m_214679_(Util.java:770) ~[server-1.19.2-20220805.130853-srg.jar%23315!/:?]
	at net.minecraft.server.Main.main(Main.java:157) ~[server-1.19.2-20220805.130853-srg.jar%23315!/:?]
	at jdk.internal.reflect.DirectMethodHandleAccessor.invoke(DirectMethodHandleAccessor.java:103) ~[?:?]
	at java.lang.reflect.Method.invoke(Method.java:580) ~[?:?]
	at net.minecraftforge.fml.loading.targets.CommonServerLaunchHandler.lambda$launchService$0(CommonServerLaunchHandler.java:29) ~[fmlloader-1.19.2-43.4.0.jar%2367!/:?]
	at cpw.mods.modlauncher.LaunchServiceHandlerDecorator.launch(LaunchServiceHandlerDecorator.java:30) [modlauncher-10.0.8.jar%2354!/:?]
	at cpw.mods.modlauncher.LaunchServiceHandler.launch(LaunchServiceHandler.java:53) [modlauncher-10.0.8.jar%2354!/:?]
	at cpw.mods.modlauncher.LaunchServiceHandler.launch(LaunchServiceHandler.java:71) [modlauncher-10.0.8.jar%2354!/:?]
	at cpw.mods.modlauncher.Launcher.run(Launcher.java:106) [modlauncher-10.0.8.jar%2354!/:?]
	at cpw.mods.modlauncher.Launcher.main(Launcher.java:77) [modlauncher-10.0.8.jar%2354!/:?]
	at cpw.mods.modlauncher.BootstrapLaunchConsumer.accept(BootstrapLaunchConsumer.java:26) [modlauncher-10.0.8.jar%2354!/:?]
	at cpw.mods.modlauncher.BootstrapLaunchConsumer.accept(BootstrapLaunchConsumer.java:23) [modlauncher-10.0.8.jar%2354!/:?]
	at cpw.mods.bootstraplauncher.BootstrapLauncher.main(BootstrapLauncher.java:141) [bootstraplauncher-1.1.2.jar:?]
[02сент.2025 01:11:36.829] [main/WARN] [Mantle/]: Using deprecated key 'name' for fluid ingredient, use 'fluid' instead. This will be removed in the future
[02сент.2025 01:11:36.840] [main/ERROR] [net.minecraft.world.item.crafting.RecipeManager/]: Parsing error loading recipe yuushya:painter_gift_box
com.google.gson.JsonSyntaxException: Unknown item 'yuushya:the_encyclopedia'
	at net.minecraft.world.item.crafting.ShapedRecipe.m_151280_(ShapedRecipe.java:275) ~[server-1.19.2-20220805.130853-srg.jar%23315!/:?]
	at java.util.Optional.orElseThrow(Optional.java:403) ~[?:?]
	at net.minecraft.world.item.crafting.ShapedRecipe.m_151278_(ShapedRecipe.java:274) ~[server-1.19.2-20220805.130853-srg.jar%23315!/:?]
	at net.minecraft.world.item.crafting.Ingredient.m_43919_(Ingredient.java:222) ~[server-1.19.2-20220805.130853-srg.jar%23315!/:?]
	at net.minecraftforge.common.crafting.VanillaIngredientSerializer.parse(VanillaIngredientSerializer.java:27) ~[forge-1.19.2-43.4.0-universal.jar%23320!/:?]
	at net.minecraftforge.common.crafting.CraftingHelper.getIngredient(CraftingHelper.java:142) ~[forge-1.19.2-43.4.0-universal.jar%23320!/:?]
	at net.minecraft.world.item.crafting.Ingredient.m_43917_(Ingredient.java:197) ~[server-1.19.2-20220805.130853-srg.jar%23315!/:?]
	at net.minecraft.world.item.crafting.ShapedRecipe.m_44210_(ShapedRecipe.java:261) ~[server-1.19.2-20220805.130853-srg.jar%23315!/:?]
	at net.minecraft.world.item.crafting.ShapedRecipe$Serializer.m_6729_(ShapedRecipe.java:288) ~[server-1.19.2-20220805.130853-srg.jar%23315!/:?]
	at net.minecraft.world.item.crafting.ShapedRecipe$Serializer.m_6729_(ShapedRecipe.java:284) ~[server-1.19.2-20220805.130853-srg.jar%23315!/:?]
	at net.minecraftforge.common.extensions.IForgeRecipeSerializer.fromJson(IForgeRecipeSerializer.java:23) ~[forge-1.19.2-43.4.0-universal.jar%23320!/:?]
	at net.minecraft.world.item.crafting.RecipeManager.fromJson(RecipeManager.java:171) ~[server-1.19.2-20220805.130853-srg.jar%23315!/:?]
	at net.minecraft.world.item.crafting.RecipeManager.m_5787_(RecipeManager.java:67) ~[server-1.19.2-20220805.130853-srg.jar%23315!/:?]
	at net.minecraft.world.item.crafting.RecipeManager.m_5787_(RecipeManager.java:34) ~[server-1.19.2-20220805.130853-srg.jar%23315!/:?]
	at net.minecraft.server.packs.resources.SimplePreparableReloadListener.m_10789_(SimplePreparableReloadListener.java:13) ~[server-1.19.2-20220805.130853-srg.jar%23315!/:?]
	at java.util.concurrent.CompletableFuture$UniAccept.tryFire(CompletableFuture.java:718) ~[?:?]
	at java.util.concurrent.CompletableFuture$Completion.run(CompletableFuture.java:482) ~[?:?]
	at net.minecraft.server.packs.resources.SimpleReloadInstance.m_143940_(SimpleReloadInstance.java:69) ~[server-1.19.2-20220805.130853-srg.jar%23315!/:?]
	at net.minecraft.Util.m_214652_(Util.java:781) ~[server-1.19.2-20220805.130853-srg.jar%23315!/:?]
	at net.minecraft.Util.m_214679_(Util.java:770) ~[server-1.19.2-20220805.130853-srg.jar%23315!/:?]
	at net.minecraft.server.Main.main(Main.java:157) ~[server-1.19.2-20220805.130853-srg.jar%23315!/:?]
	at jdk.internal.reflect.DirectMethodHandleAccessor.invoke(DirectMethodHandleAccessor.java:103) ~[?:?]
	at java.lang.reflect.Method.invoke(Method.java:580) ~[?:?]
	at net.minecraftforge.fml.loading.targets.CommonServerLaunchHandler.lambda$launchService$0(CommonServerLaunchHandler.java:29) ~[fmlloader-1.19.2-43.4.0.jar%2367!/:?]
	at cpw.mods.modlauncher.LaunchServiceHandlerDecorator.launch(LaunchServiceHandlerDecorator.java:30) [modlauncher-10.0.8.jar%2354!/:?]
	at cpw.mods.modlauncher.LaunchServiceHandler.launch(LaunchServiceHandler.java:53) [modlauncher-10.0.8.jar%2354!/:?]
	at cpw.mods.modlauncher.LaunchServiceHandler.launch(LaunchServiceHandler.java:71) [modlauncher-10.0.8.jar%2354!/:?]
	at cpw.mods.modlauncher.Launcher.run(Launcher.java:106) [modlauncher-10.0.8.jar%2354!/:?]
	at cpw.mods.modlauncher.Launcher.main(Launcher.java:77) [modlauncher-10.0.8.jar%2354!/:?]
	at cpw.mods.modlauncher.BootstrapLaunchConsumer.accept(BootstrapLaunchConsumer.java:26) [modlauncher-10.0.8.jar%2354!/:?]
	at cpw.mods.modlauncher.BootstrapLaunchConsumer.accept(BootstrapLaunchConsumer.java:23) [modlauncher-10.0.8.jar%2354!/:?]
	at cpw.mods.bootstraplauncher.BootstrapLauncher.main(BootstrapLauncher.java:141) [bootstraplauncher-1.1.2.jar:?]
[02сент.2025 01:11:36.845] [main/WARN] [Mantle/]: Using deprecated key 'name' for fluid ingredient, use 'fluid' instead. This will be removed in the future
[02сент.2025 01:11:36.865] [main/ERROR] [net.minecraft.world.item.crafting.RecipeManager/]: Parsing error loading recipe mysticalagriculture:skythern_fragments_from_essence
com.google.gson.JsonSyntaxException: Unknown item 'mysticalagriculture:skythern_fragments_essence'
	at net.minecraft.world.item.crafting.ShapedRecipe.m_151280_(ShapedRecipe.java:275) ~[server-1.19.2-20220805.130853-srg.jar%23315!/:?]
	at java.util.Optional.orElseThrow(Optional.java:403) ~[?:?]
	at net.minecraft.world.item.crafting.ShapedRecipe.m_151278_(ShapedRecipe.java:274) ~[server-1.19.2-20220805.130853-srg.jar%23315!/:?]
	at net.minecraft.world.item.crafting.Ingredient.m_43919_(Ingredient.java:222) ~[server-1.19.2-20220805.130853-srg.jar%23315!/:?]
	at net.minecraftforge.common.crafting.VanillaIngredientSerializer.parse(VanillaIngredientSerializer.java:27) ~[forge-1.19.2-43.4.0-universal.jar%23320!/:?]
	at net.minecraftforge.common.crafting.CraftingHelper.getIngredient(CraftingHelper.java:142) ~[forge-1.19.2-43.4.0-universal.jar%23320!/:?]
	at net.minecraft.world.item.crafting.Ingredient.m_43917_(Ingredient.java:197) ~[server-1.19.2-20220805.130853-srg.jar%23315!/:?]
	at net.minecraft.world.item.crafting.ShapedRecipe.m_44210_(ShapedRecipe.java:261) ~[server-1.19.2-20220805.130853-srg.jar%23315!/:?]
	at net.minecraft.world.item.crafting.ShapedRecipe$Serializer.m_6729_(ShapedRecipe.java:288) ~[server-1.19.2-20220805.130853-srg.jar%23315!/:?]
	at net.minecraft.world.item.crafting.ShapedRecipe$Serializer.m_6729_(ShapedRecipe.java:284) ~[server-1.19.2-20220805.130853-srg.jar%23315!/:?]
	at net.minecraftforge.common.extensions.IForgeRecipeSerializer.fromJson(IForgeRecipeSerializer.java:23) ~[forge-1.19.2-43.4.0-universal.jar%23320!/:?]
	at net.minecraft.world.item.crafting.RecipeManager.fromJson(RecipeManager.java:171) ~[server-1.19.2-20220805.130853-srg.jar%23315!/:?]
	at net.minecraft.world.item.crafting.RecipeManager.m_5787_(RecipeManager.java:67) ~[server-1.19.2-20220805.130853-srg.jar%23315!/:?]
	at net.minecraft.world.item.crafting.RecipeManager.m_5787_(RecipeManager.java:34) ~[server-1.19.2-20220805.130853-srg.jar%23315!/:?]
	at net.minecraft.server.packs.resources.SimplePreparableReloadListener.m_10789_(SimplePreparableReloadListener.java:13) ~[server-1.19.2-20220805.130853-srg.jar%23315!/:?]
	at java.util.concurrent.CompletableFuture$UniAccept.tryFire(CompletableFuture.java:718) ~[?:?]
	at java.util.concurrent.CompletableFuture$Completion.run(CompletableFuture.java:482) ~[?:?]
	at net.minecraft.server.packs.resources.SimpleReloadInstance.m_143940_(SimpleReloadInstance.java:69) ~[server-1.19.2-20220805.130853-srg.jar%23315!/:?]
	at net.minecraft.Util.m_214652_(Util.java:781) ~[server-1.19.2-20220805.130853-srg.jar%23315!/:?]
	at net.minecraft.Util.m_214679_(Util.java:770) ~[server-1.19.2-20220805.130853-srg.jar%23315!/:?]
	at net.minecraft.server.Main.main(Main.java:157) ~[server-1.19.2-20220805.130853-srg.jar%23315!/:?]
	at jdk.internal.reflect.DirectMethodHandleAccessor.invoke(DirectMethodHandleAccessor.java:103) ~[?:?]
	at java.lang.reflect.Method.invoke(Method.java:580) ~[?:?]
	at net.minecraftforge.fml.loading.targets.CommonServerLaunchHandler.lambda$launchService$0(CommonServerLaunchHandler.java:29) ~[fmlloader-1.19.2-43.4.0.jar%2367!/:?]
	at cpw.mods.modlauncher.LaunchServiceHandlerDecorator.launch(LaunchServiceHandlerDecorator.java:30) [modlauncher-10.0.8.jar%2354!/:?]
	at cpw.mods.modlauncher.LaunchServiceHandler.launch(LaunchServiceHandler.java:53) [modlauncher-10.0.8.jar%2354!/:?]
	at cpw.mods.modlauncher.LaunchServiceHandler.launch(LaunchServiceHandler.java:71) [modlauncher-10.0.8.jar%2354!/:?]
	at cpw.mods.modlauncher.Launcher.run(Launcher.java:106) [modlauncher-10.0.8.jar%2354!/:?]
	at cpw.mods.modlauncher.Launcher.main(Launcher.java:77) [modlauncher-10.0.8.jar%2354!/:?]
	at cpw.mods.modlauncher.BootstrapLaunchConsumer.accept(BootstrapLaunchConsumer.java:26) [modlauncher-10.0.8.jar%2354!/:?]
	at cpw.mods.modlauncher.BootstrapLaunchConsumer.accept(BootstrapLaunchConsumer.java:23) [modlauncher-10.0.8.jar%2354!/:?]
	at cpw.mods.bootstraplauncher.BootstrapLauncher.main(BootstrapLauncher.java:141) [bootstraplauncher-1.1.2.jar:?]
[02сент.2025 01:11:36.871] [main/ERROR] [net.minecraft.world.item.crafting.RecipeManager/]: Parsing error loading recipe forbidden_arcanus:corrupted_pixie
com.google.gson.JsonSyntaxException: Unknown item 'forbidden_arcanus:dark_soul'
	at net.minecraft.world.item.crafting.ShapedRecipe.m_151280_(ShapedRecipe.java:275) ~[server-1.19.2-20220805.130853-srg.jar%23315!/:?]
	at java.util.Optional.orElseThrow(Optional.java:403) ~[?:?]
	at net.minecraft.world.item.crafting.ShapedRecipe.m_151278_(ShapedRecipe.java:274) ~[server-1.19.2-20220805.130853-srg.jar%23315!/:?]
	at net.minecraft.world.item.crafting.Ingredient.m_43919_(Ingredient.java:222) ~[server-1.19.2-20220805.130853-srg.jar%23315!/:?]
	at net.minecraftforge.common.crafting.VanillaIngredientSerializer.parse(VanillaIngredientSerializer.java:27) ~[forge-1.19.2-43.4.0-universal.jar%23320!/:?]
	at net.minecraftforge.common.crafting.CraftingHelper.getIngredient(CraftingHelper.java:142) ~[forge-1.19.2-43.4.0-universal.jar%23320!/:?]
	at net.minecraft.world.item.crafting.Ingredient.m_43917_(Ingredient.java:197) ~[server-1.19.2-20220805.130853-srg.jar%23315!/:?]
	at net.minecraft.world.item.crafting.ShapedRecipe.m_44210_(ShapedRecipe.java:261) ~[server-1.19.2-20220805.130853-srg.jar%23315!/:?]
	at net.minecraft.world.item.crafting.ShapedRecipe$Serializer.m_6729_(ShapedRecipe.java:288) ~[server-1.19.2-20220805.130853-srg.jar%23315!/:?]
	at net.minecraft.world.item.crafting.ShapedRecipe$Serializer.m_6729_(ShapedRecipe.java:284) ~[server-1.19.2-20220805.130853-srg.jar%23315!/:?]
	at net.minecraftforge.common.extensions.IForgeRecipeSerializer.fromJson(IForgeRecipeSerializer.java:23) ~[forge-1.19.2-43.4.0-universal.jar%23320!/:?]
	at net.minecraft.world.item.crafting.RecipeManager.fromJson(RecipeManager.java:171) ~[server-1.19.2-20220805.130853-srg.jar%23315!/:?]
	at net.minecraft.world.item.crafting.RecipeManager.m_5787_(RecipeManager.java:67) ~[server-1.19.2-20220805.130853-srg.jar%23315!/:?]
	at net.minecraft.world.item.crafting.RecipeManager.m_5787_(RecipeManager.java:34) ~[server-1.19.2-20220805.130853-srg.jar%23315!/:?]
	at net.minecraft.server.packs.resources.SimplePreparableReloadListener.m_10789_(SimplePreparableReloadListener.java:13) ~[server-1.19.2-20220805.130853-srg.jar%23315!/:?]
	at java.util.concurrent.CompletableFuture$UniAccept.tryFire(CompletableFuture.java:718) ~[?:?]
	at java.util.concurrent.CompletableFuture$Completion.run(CompletableFuture.java:482) ~[?:?]
	at net.minecraft.server.packs.resources.SimpleReloadInstance.m_143940_(SimpleReloadInstance.java:69) ~[server-1.19.2-20220805.130853-srg.jar%23315!/:?]
	at net.minecraft.Util.m_214652_(Util.java:781) ~[server-1.19.2-20220805.130853-srg.jar%23315!/:?]
	at net.minecraft.Util.m_214679_(Util.java:770) ~[server-1.19.2-20220805.130853-srg.jar%23315!/:?]
	at net.minecraft.server.Main.main(Main.java:157) ~[server-1.19.2-20220805.130853-srg.jar%23315!/:?]
	at jdk.internal.reflect.DirectMethodHandleAccessor.invoke(DirectMethodHandleAccessor.java:103) ~[?:?]
	at java.lang.reflect.Method.invoke(Method.java:580) ~[?:?]
	at net.minecraftforge.fml.loading.targets.CommonServerLaunchHandler.lambda$launchService$0(CommonServerLaunchHandler.java:29) ~[fmlloader-1.19.2-43.4.0.jar%2367!/:?]
	at cpw.mods.modlauncher.LaunchServiceHandlerDecorator.launch(LaunchServiceHandlerDecorator.java:30) [modlauncher-10.0.8.jar%2354!/:?]
	at cpw.mods.modlauncher.LaunchServiceHandler.launch(LaunchServiceHandler.java:53) [modlauncher-10.0.8.jar%2354!/:?]
	at cpw.mods.modlauncher.LaunchServiceHandler.launch(LaunchServiceHandler.java:71) [modlauncher-10.0.8.jar%2354!/:?]
	at cpw.mods.modlauncher.Launcher.run(Launcher.java:106) [modlauncher-10.0.8.jar%2354!/:?]
	at cpw.mods.modlauncher.Launcher.main(Launcher.java:77) [modlauncher-10.0.8.jar%2354!/:?]
	at cpw.mods.modlauncher.BootstrapLaunchConsumer.accept(BootstrapLaunchConsumer.java:26) [modlauncher-10.0.8.jar%2354!/:?]
	at cpw.mods.modlauncher.BootstrapLaunchConsumer.accept(BootstrapLaunchConsumer.java:23) [modlauncher-10.0.8.jar%2354!/:?]
	at cpw.mods.bootstraplauncher.BootstrapLauncher.main(BootstrapLauncher.java:141) [bootstraplauncher-1.1.2.jar:?]
[02сент.2025 01:11:36.874] [main/ERROR] [net.minecraft.world.item.crafting.RecipeManager/]: Parsing error loading recipe yuushya:wood/raw_cherry_wood
com.google.gson.JsonSyntaxException: Unknown item 'minecraft:cherry_log'
	at net.minecraft.world.item.crafting.ShapedRecipe.m_151280_(ShapedRecipe.java:275) ~[server-1.19.2-20220805.130853-srg.jar%23315!/:?]
	at java.util.Optional.orElseThrow(Optional.java:403) ~[?:?]
	at net.minecraft.world.item.crafting.ShapedRecipe.m_151278_(ShapedRecipe.java:274) ~[server-1.19.2-20220805.130853-srg.jar%23315!/:?]
	at net.minecraft.world.item.crafting.Ingredient.m_43919_(Ingredient.java:222) ~[server-1.19.2-20220805.130853-srg.jar%23315!/:?]
	at net.minecraftforge.common.crafting.VanillaIngredientSerializer.parse(VanillaIngredientSerializer.java:27) ~[forge-1.19.2-43.4.0-universal.jar%23320!/:?]
	at net.minecraftforge.common.crafting.CraftingHelper.getIngredient(CraftingHelper.java:142) ~[forge-1.19.2-43.4.0-universal.jar%23320!/:?]
	at net.minecraft.world.item.crafting.Ingredient.m_43917_(Ingredient.java:197) ~[server-1.19.2-20220805.130853-srg.jar%23315!/:?]
	at net.minecraft.world.item.crafting.SingleItemRecipe$Serializer.m_6729_(SingleItemRecipe.java:90) ~[server-1.19.2-20220805.130853-srg.jar%23315!/:?]
	at net.minecraft.world.item.crafting.SingleItemRecipe$Serializer.m_6729_(SingleItemRecipe.java:71) ~[server-1.19.2-20220805.130853-srg.jar%23315!/:?]
	at net.minecraftforge.common.extensions.IForgeRecipeSerializer.fromJson(IForgeRecipeSerializer.java:23) ~[forge-1.19.2-43.4.0-universal.jar%23320!/:?]
	at net.minecraft.world.item.crafting.RecipeManager.fromJson(RecipeManager.java:171) ~[server-1.19.2-20220805.130853-srg.jar%23315!/:?]
	at net.minecraft.world.item.crafting.RecipeManager.m_5787_(RecipeManager.java:67) ~[server-1.19.2-20220805.130853-srg.jar%23315!/:?]
	at net.minecraft.world.item.crafting.RecipeManager.m_5787_(RecipeManager.java:34) ~[server-1.19.2-20220805.130853-srg.jar%23315!/:?]
	at net.minecraft.server.packs.resources.SimplePreparableReloadListener.m_10789_(SimplePreparableReloadListener.java:13) ~[server-1.19.2-20220805.130853-srg.jar%23315!/:?]
	at java.util.concurrent.CompletableFuture$UniAccept.tryFire(CompletableFuture.java:718) ~[?:?]
	at java.util.concurrent.CompletableFuture$Completion.run(CompletableFuture.java:482) ~[?:?]
	at net.minecraft.server.packs.resources.SimpleReloadInstance.m_143940_(SimpleReloadInstance.java:69) ~[server-1.19.2-20220805.130853-srg.jar%23315!/:?]
	at net.minecraft.Util.m_214652_(Util.java:781) ~[server-1.19.2-20220805.130853-srg.jar%23315!/:?]
	at net.minecraft.Util.m_214679_(Util.java:770) ~[server-1.19.2-20220805.130853-srg.jar%23315!/:?]
	at net.minecraft.server.Main.main(Main.java:157) ~[server-1.19.2-20220805.130853-srg.jar%23315!/:?]
	at jdk.internal.reflect.DirectMethodHandleAccessor.invoke(DirectMethodHandleAccessor.java:103) ~[?:?]
	at java.lang.reflect.Method.invoke(Method.java:580) ~[?:?]
	at net.minecraftforge.fml.loading.targets.CommonServerLaunchHandler.lambda$launchService$0(CommonServerLaunchHandler.java:29) ~[fmlloader-1.19.2-43.4.0.jar%2367!/:?]
	at cpw.mods.modlauncher.LaunchServiceHandlerDecorator.launch(LaunchServiceHandlerDecorator.java:30) [modlauncher-10.0.8.jar%2354!/:?]
	at cpw.mods.modlauncher.LaunchServiceHandler.launch(LaunchServiceHandler.java:53) [modlauncher-10.0.8.jar%2354!/:?]
	at cpw.mods.modlauncher.LaunchServiceHandler.launch(LaunchServiceHandler.java:71) [modlauncher-10.0.8.jar%2354!/:?]
	at cpw.mods.modlauncher.Launcher.run(Launcher.java:106) [modlauncher-10.0.8.jar%2354!/:?]
	at cpw.mods.modlauncher.Launcher.main(Launcher.java:77) [modlauncher-10.0.8.jar%2354!/:?]
	at cpw.mods.modlauncher.BootstrapLaunchConsumer.accept(BootstrapLaunchConsumer.java:26) [modlauncher-10.0.8.jar%2354!/:?]
	at cpw.mods.modlauncher.BootstrapLaunchConsumer.accept(BootstrapLaunchConsumer.java:23) [modlauncher-10.0.8.jar%2354!/:?]
	at cpw.mods.bootstraplauncher.BootstrapLauncher.main(BootstrapLauncher.java:141) [bootstraplauncher-1.1.2.jar:?]
[02сент.2025 01:11:36.906] [main/ERROR] [net.minecraft.world.item.crafting.RecipeManager/]: Parsing error loading recipe cozy_home:cherry_plank_recipe
com.google.gson.JsonSyntaxException: Invalid item: minecraft:air
	at net.minecraft.world.item.crafting.ShapedRecipe.m_151278_(ShapedRecipe.java:278) ~[server-1.19.2-20220805.130853-srg.jar%23315!/:?]
	at net.minecraft.world.item.crafting.Ingredient.m_43919_(Ingredient.java:222) ~[server-1.19.2-20220805.130853-srg.jar%23315!/:?]
	at net.minecraftforge.common.crafting.VanillaIngredientSerializer.parse(VanillaIngredientSerializer.java:27) ~[forge-1.19.2-43.4.0-universal.jar%23320!/:?]
	at net.minecraftforge.common.crafting.CraftingHelper.getIngredient(CraftingHelper.java:142) ~[forge-1.19.2-43.4.0-universal.jar%23320!/:?]
	at net.minecraft.world.item.crafting.Ingredient.m_43917_(Ingredient.java:197) ~[server-1.19.2-20220805.130853-srg.jar%23315!/:?]
	at net.minecraft.world.item.crafting.ShapedRecipe.m_44210_(ShapedRecipe.java:261) ~[server-1.19.2-20220805.130853-srg.jar%23315!/:?]
	at net.minecraft.world.item.crafting.ShapedRecipe$Serializer.m_6729_(ShapedRecipe.java:288) ~[server-1.19.2-20220805.130853-srg.jar%23315!/:?]
	at net.minecraft.world.item.crafting.ShapedRecipe$Serializer.m_6729_(ShapedRecipe.java:284) ~[server-1.19.2-20220805.130853-srg.jar%23315!/:?]
	at net.minecraftforge.common.extensions.IForgeRecipeSerializer.fromJson(IForgeRecipeSerializer.java:23) ~[forge-1.19.2-43.4.0-universal.jar%23320!/:?]
	at net.minecraft.world.item.crafting.RecipeManager.fromJson(RecipeManager.java:171) ~[server-1.19.2-20220805.130853-srg.jar%23315!/:?]
	at net.minecraft.world.item.crafting.RecipeManager.m_5787_(RecipeManager.java:67) ~[server-1.19.2-20220805.130853-srg.jar%23315!/:?]
	at net.minecraft.world.item.crafting.RecipeManager.m_5787_(RecipeManager.java:34) ~[server-1.19.2-20220805.130853-srg.jar%23315!/:?]
	at net.minecraft.server.packs.resources.SimplePreparableReloadListener.m_10789_(SimplePreparableReloadListener.java:13) ~[server-1.19.2-20220805.130853-srg.jar%23315!/:?]
	at java.util.concurrent.CompletableFuture$UniAccept.tryFire(CompletableFuture.java:718) ~[?:?]
	at java.util.concurrent.CompletableFuture$Completion.run(CompletableFuture.java:482) ~[?:?]
	at net.minecraft.server.packs.resources.SimpleReloadInstance.m_143940_(SimpleReloadInstance.java:69) ~[server-1.19.2-20220805.130853-srg.jar%23315!/:?]
	at net.minecraft.Util.m_214652_(Util.java:781) ~[server-1.19.2-20220805.130853-srg.jar%23315!/:?]
	at net.minecraft.Util.m_214679_(Util.java:770) ~[server-1.19.2-20220805.130853-srg.jar%23315!/:?]
	at net.minecraft.server.Main.main(Main.java:157) ~[server-1.19.2-20220805.130853-srg.jar%23315!/:?]
	at jdk.internal.reflect.DirectMethodHandleAccessor.invoke(DirectMethodHandleAccessor.java:103) ~[?:?]
	at java.lang.reflect.Method.invoke(Method.java:580) ~[?:?]
	at net.minecraftforge.fml.loading.targets.CommonServerLaunchHandler.lambda$launchService$0(CommonServerLaunchHandler.java:29) ~[fmlloader-1.19.2-43.4.0.jar%2367!/:?]
	at cpw.mods.modlauncher.LaunchServiceHandlerDecorator.launch(LaunchServiceHandlerDecorator.java:30) [modlauncher-10.0.8.jar%2354!/:?]
	at cpw.mods.modlauncher.LaunchServiceHandler.launch(LaunchServiceHandler.java:53) [modlauncher-10.0.8.jar%2354!/:?]
	at cpw.mods.modlauncher.LaunchServiceHandler.launch(LaunchServiceHandler.java:71) [modlauncher-10.0.8.jar%2354!/:?]
	at cpw.mods.modlauncher.Launcher.run(Launcher.java:106) [modlauncher-10.0.8.jar%2354!/:?]
	at cpw.mods.modlauncher.Launcher.main(Launcher.java:77) [modlauncher-10.0.8.jar%2354!/:?]
	at cpw.mods.modlauncher.BootstrapLaunchConsumer.accept(BootstrapLaunchConsumer.java:26) [modlauncher-10.0.8.jar%2354!/:?]
	at cpw.mods.modlauncher.BootstrapLaunchConsumer.accept(BootstrapLaunchConsumer.java:23) [modlauncher-10.0.8.jar%2354!/:?]
	at cpw.mods.bootstraplauncher.BootstrapLauncher.main(BootstrapLauncher.java:141) [bootstraplauncher-1.1.2.jar:?]
[02сент.2025 01:11:36.908] [main/INFO] [net.minecraft.world.item.crafting.RecipeManager/]: Skipping loading recipe twilightforest:jeed/resistance as it's serializer returned null
[02сент.2025 01:11:36.910] [main/ERROR] [net.minecraft.world.item.crafting.RecipeManager/]: Parsing error loading recipe create:pressing/cursed_earth_path_from_grass
com.google.gson.JsonSyntaxException: Unknown item 'regions_unexplored:cursed_grass'
	at net.minecraft.world.item.crafting.ShapedRecipe.m_151280_(ShapedRecipe.java:275) ~[server-1.19.2-20220805.130853-srg.jar%23315!/:?]
	at java.util.Optional.orElseThrow(Optional.java:403) ~[?:?]
	at net.minecraft.world.item.crafting.ShapedRecipe.m_151278_(ShapedRecipe.java:274) ~[server-1.19.2-20220805.130853-srg.jar%23315!/:?]
	at net.minecraft.world.item.crafting.Ingredient.m_43919_(Ingredient.java:222) ~[server-1.19.2-20220805.130853-srg.jar%23315!/:?]
	at net.minecraftforge.common.crafting.VanillaIngredientSerializer.parse(VanillaIngredientSerializer.java:27) ~[forge-1.19.2-43.4.0-universal.jar%23320!/:?]
	at net.minecraftforge.common.crafting.CraftingHelper.getIngredient(CraftingHelper.java:142) ~[forge-1.19.2-43.4.0-universal.jar%23320!/:?]
	at net.minecraft.world.item.crafting.Ingredient.m_43917_(Ingredient.java:197) ~[server-1.19.2-20220805.130853-srg.jar%23315!/:?]
	at com.simibubi.create.content.processing.recipe.ProcessingRecipeSerializer.readFromJson(ProcessingRecipeSerializer.java:66) ~[create-1.19.2-0.5.1.i.jar%23226!/:0.5.1.i]
	at com.simibubi.create.content.processing.recipe.ProcessingRecipeSerializer.fromJson(ProcessingRecipeSerializer.java:154) ~[create-1.19.2-0.5.1.i.jar%23226!/:0.5.1.i]
	at com.simibubi.create.content.processing.recipe.ProcessingRecipeSerializer.m_6729_(ProcessingRecipeSerializer.java:21) ~[create-1.19.2-0.5.1.i.jar%23226!/:0.5.1.i]
	at net.minecraftforge.common.extensions.IForgeRecipeSerializer.fromJson(IForgeRecipeSerializer.java:23) ~[forge-1.19.2-43.4.0-universal.jar%23320!/:?]
	at net.minecraft.world.item.crafting.RecipeManager.fromJson(RecipeManager.java:171) ~[server-1.19.2-20220805.130853-srg.jar%23315!/:?]
	at net.minecraft.world.item.crafting.RecipeManager.m_5787_(RecipeManager.java:67) ~[server-1.19.2-20220805.130853-srg.jar%23315!/:?]
	at net.minecraft.world.item.crafting.RecipeManager.m_5787_(RecipeManager.java:34) ~[server-1.19.2-20220805.130853-srg.jar%23315!/:?]
	at net.minecraft.server.packs.resources.SimplePreparableReloadListener.m_10789_(SimplePreparableReloadListener.java:13) ~[server-1.19.2-20220805.130853-srg.jar%23315!/:?]
	at java.util.concurrent.CompletableFuture$UniAccept.tryFire(CompletableFuture.java:718) ~[?:?]
	at java.util.concurrent.CompletableFuture$Completion.run(CompletableFuture.java:482) ~[?:?]
	at net.minecraft.server.packs.resources.SimpleReloadInstance.m_143940_(SimpleReloadInstance.java:69) ~[server-1.19.2-20220805.130853-srg.jar%23315!/:?]
	at net.minecraft.Util.m_214652_(Util.java:781) ~[server-1.19.2-20220805.130853-srg.jar%23315!/:?]
	at net.minecraft.Util.m_214679_(Util.java:770) ~[server-1.19.2-20220805.130853-srg.jar%23315!/:?]
	at net.minecraft.server.Main.main(Main.java:157) ~[server-1.19.2-20220805.130853-srg.jar%23315!/:?]
	at jdk.internal.reflect.DirectMethodHandleAccessor.invoke(DirectMethodHandleAccessor.java:103) ~[?:?]
	at java.lang.reflect.Method.invoke(Method.java:580) ~[?:?]
	at net.minecraftforge.fml.loading.targets.CommonServerLaunchHandler.lambda$launchService$0(CommonServerLaunchHandler.java:29) ~[fmlloader-1.19.2-43.4.0.jar%2367!/:?]
	at cpw.mods.modlauncher.LaunchServiceHandlerDecorator.launch(LaunchServiceHandlerDecorator.java:30) [modlauncher-10.0.8.jar%2354!/:?]
	at cpw.mods.modlauncher.LaunchServiceHandler.launch(LaunchServiceHandler.java:53) [modlauncher-10.0.8.jar%2354!/:?]
	at cpw.mods.modlauncher.LaunchServiceHandler.launch(LaunchServiceHandler.java:71) [modlauncher-10.0.8.jar%2354!/:?]
	at cpw.mods.modlauncher.Launcher.run(Launcher.java:106) [modlauncher-10.0.8.jar%2354!/:?]
	at cpw.mods.modlauncher.Launcher.main(Launcher.java:77) [modlauncher-10.0.8.jar%2354!/:?]
	at cpw.mods.modlauncher.BootstrapLaunchConsumer.accept(BootstrapLaunchConsumer.java:26) [modlauncher-10.0.8.jar%2354!/:?]
	at cpw.mods.modlauncher.BootstrapLaunchConsumer.accept(BootstrapLaunchConsumer.java:23) [modlauncher-10.0.8.jar%2354!/:?]
	at cpw.mods.bootstraplauncher.BootstrapLauncher.main(BootstrapLauncher.java:141) [bootstraplauncher-1.1.2.jar:?]
[02сент.2025 01:11:36.932] [main/WARN] [Mantle/]: Using deprecated key 'name' for fluid ingredient, use 'fluid' instead. This will be removed in the future
[02сент.2025 01:11:36.934] [main/ERROR] [net.minecraft.world.item.crafting.RecipeManager/]: Parsing error loading recipe mysticalagriculture:bloodgems_from_essence
com.google.gson.JsonSyntaxException: Unknown item 'mysticalagriculture:bloodgem_essence'
	at net.minecraft.world.item.crafting.ShapedRecipe.m_151280_(ShapedRecipe.java:275) ~[server-1.19.2-20220805.130853-srg.jar%23315!/:?]
	at java.util.Optional.orElseThrow(Optional.java:403) ~[?:?]
	at net.minecraft.world.item.crafting.ShapedRecipe.m_151278_(ShapedRecipe.java:274) ~[server-1.19.2-20220805.130853-srg.jar%23315!/:?]
	at net.minecraft.world.item.crafting.Ingredient.m_43919_(Ingredient.java:222) ~[server-1.19.2-20220805.130853-srg.jar%23315!/:?]
	at net.minecraftforge.common.crafting.VanillaIngredientSerializer.parse(VanillaIngredientSerializer.java:27) ~[forge-1.19.2-43.4.0-universal.jar%23320!/:?]
	at net.minecraftforge.common.crafting.CraftingHelper.getIngredient(CraftingHelper.java:142) ~[forge-1.19.2-43.4.0-universal.jar%23320!/:?]
	at net.minecraft.world.item.crafting.Ingredient.m_43917_(Ingredient.java:197) ~[server-1.19.2-20220805.130853-srg.jar%23315!/:?]
	at net.minecraft.world.item.crafting.ShapedRecipe.m_44210_(ShapedRecipe.java:261) ~[server-1.19.2-20220805.130853-srg.jar%23315!/:?]
	at net.minecraft.world.item.crafting.ShapedRecipe$Serializer.m_6729_(ShapedRecipe.java:288) ~[server-1.19.2-20220805.130853-srg.jar%23315!/:?]
	at net.minecraft.world.item.crafting.ShapedRecipe$Serializer.m_6729_(ShapedRecipe.java:284) ~[server-1.19.2-20220805.130853-srg.jar%23315!/:?]
	at net.minecraftforge.common.extensions.IForgeRecipeSerializer.fromJson(IForgeRecipeSerializer.java:23) ~[forge-1.19.2-43.4.0-universal.jar%23320!/:?]
	at net.minecraft.world.item.crafting.RecipeManager.fromJson(RecipeManager.java:171) ~[server-1.19.2-20220805.130853-srg.jar%23315!/:?]
	at net.minecraft.world.item.crafting.RecipeManager.m_5787_(RecipeManager.java:67) ~[server-1.19.2-20220805.130853-srg.jar%23315!/:?]
	at net.minecraft.world.item.crafting.RecipeManager.m_5787_(RecipeManager.java:34) ~[server-1.19.2-20220805.130853-srg.jar%23315!/:?]
	at net.minecraft.server.packs.resources.SimplePreparableReloadListener.m_10789_(SimplePreparableReloadListener.java:13) ~[server-1.19.2-20220805.130853-srg.jar%23315!/:?]
	at java.util.concurrent.CompletableFuture$UniAccept.tryFire(CompletableFuture.java:718) ~[?:?]
	at java.util.concurrent.CompletableFuture$Completion.run(CompletableFuture.java:482) ~[?:?]
	at net.minecraft.server.packs.resources.SimpleReloadInstance.m_143940_(SimpleReloadInstance.java:69) ~[server-1.19.2-20220805.130853-srg.jar%23315!/:?]
	at net.minecraft.Util.m_214652_(Util.java:781) ~[server-1.19.2-20220805.130853-srg.jar%23315!/:?]
	at net.minecraft.Util.m_214679_(Util.java:770) ~[server-1.19.2-20220805.130853-srg.jar%23315!/:?]
	at net.minecraft.server.Main.main(Main.java:157) ~[server-1.19.2-20220805.130853-srg.jar%23315!/:?]
	at jdk.internal.reflect.DirectMethodHandleAccessor.invoke(DirectMethodHandleAccessor.java:103) ~[?:?]
	at java.lang.reflect.Method.invoke(Method.java:580) ~[?:?]
	at net.minecraftforge.fml.loading.targets.CommonServerLaunchHandler.lambda$launchService$0(CommonServerLaunchHandler.java:29) ~[fmlloader-1.19.2-43.4.0.jar%2367!/:?]
	at cpw.mods.modlauncher.LaunchServiceHandlerDecorator.launch(LaunchServiceHandlerDecorator.java:30) [modlauncher-10.0.8.jar%2354!/:?]
	at cpw.mods.modlauncher.LaunchServiceHandler.launch(LaunchServiceHandler.java:53) [modlauncher-10.0.8.jar%2354!/:?]
	at cpw.mods.modlauncher.LaunchServiceHandler.launch(LaunchServiceHandler.java:71) [modlauncher-10.0.8.jar%2354!/:?]
	at cpw.mods.modlauncher.Launcher.run(Launcher.java:106) [modlauncher-10.0.8.jar%2354!/:?]
	at cpw.mods.modlauncher.Launcher.main(Launcher.java:77) [modlauncher-10.0.8.jar%2354!/:?]
	at cpw.mods.modlauncher.BootstrapLaunchConsumer.accept(BootstrapLaunchConsumer.java:26) [modlauncher-10.0.8.jar%2354!/:?]
	at cpw.mods.modlauncher.BootstrapLaunchConsumer.accept(BootstrapLaunchConsumer.java:23) [modlauncher-10.0.8.jar%2354!/:?]
	at cpw.mods.bootstraplauncher.BootstrapLauncher.main(BootstrapLauncher.java:141) [bootstraplauncher-1.1.2.jar:?]
[02сент.2025 01:11:36.937] [main/ERROR] [net.minecraft.world.item.crafting.RecipeManager/]: Parsing error loading recipe mysticalagriculture:realmite_ingots_from_essence
com.google.gson.JsonSyntaxException: Unknown item 'mysticalagriculture:realmite_essence'
	at net.minecraft.world.item.crafting.ShapedRecipe.m_151280_(ShapedRecipe.java:275) ~[server-1.19.2-20220805.130853-srg.jar%23315!/:?]
	at java.util.Optional.orElseThrow(Optional.java:403) ~[?:?]
	at net.minecraft.world.item.crafting.ShapedRecipe.m_151278_(ShapedRecipe.java:274) ~[server-1.19.2-20220805.130853-srg.jar%23315!/:?]
	at net.minecraft.world.item.crafting.Ingredient.m_43919_(Ingredient.java:222) ~[server-1.19.2-20220805.130853-srg.jar%23315!/:?]
	at net.minecraftforge.common.crafting.VanillaIngredientSerializer.parse(VanillaIngredientSerializer.java:27) ~[forge-1.19.2-43.4.0-universal.jar%23320!/:?]
	at net.minecraftforge.common.crafting.CraftingHelper.getIngredient(CraftingHelper.java:142) ~[forge-1.19.2-43.4.0-universal.jar%23320!/:?]
	at net.minecraft.world.item.crafting.Ingredient.m_43917_(Ingredient.java:197) ~[server-1.19.2-20220805.130853-srg.jar%23315!/:?]
	at net.minecraft.world.item.crafting.ShapedRecipe.m_44210_(ShapedRecipe.java:261) ~[server-1.19.2-20220805.130853-srg.jar%23315!/:?]
	at net.minecraft.world.item.crafting.ShapedRecipe$Serializer.m_6729_(ShapedRecipe.java:288) ~[server-1.19.2-20220805.130853-srg.jar%23315!/:?]
	at net.minecraft.world.item.crafting.ShapedRecipe$Serializer.m_6729_(ShapedRecipe.java:284) ~[server-1.19.2-20220805.130853-srg.jar%23315!/:?]
	at net.minecraftforge.common.extensions.IForgeRecipeSerializer.fromJson(IForgeRecipeSerializer.java:23) ~[forge-1.19.2-43.4.0-universal.jar%23320!/:?]
	at net.minecraft.world.item.crafting.RecipeManager.fromJson(RecipeManager.java:171) ~[server-1.19.2-20220805.130853-srg.jar%23315!/:?]
	at net.minecraft.world.item.crafting.RecipeManager.m_5787_(RecipeManager.java:67) ~[server-1.19.2-20220805.130853-srg.jar%23315!/:?]
	at net.minecraft.world.item.crafting.RecipeManager.m_5787_(RecipeManager.java:34) ~[server-1.19.2-20220805.130853-srg.jar%23315!/:?]
	at net.minecraft.server.packs.resources.SimplePreparableReloadListener.m_10789_(SimplePreparableReloadListener.java:13) ~[server-1.19.2-20220805.130853-srg.jar%23315!/:?]
	at java.util.concurrent.CompletableFuture$UniAccept.tryFire(CompletableFuture.java:718) ~[?:?]
	at java.util.concurrent.CompletableFuture$Completion.run(CompletableFuture.java:482) ~[?:?]
	at net.minecraft.server.packs.resources.SimpleReloadInstance.m_143940_(SimpleReloadInstance.java:69) ~[server-1.19.2-20220805.130853-srg.jar%23315!/:?]
	at net.minecraft.Util.m_214652_(Util.java:781) ~[server-1.19.2-20220805.130853-srg.jar%23315!/:?]
	at net.minecraft.Util.m_214679_(Util.java:770) ~[server-1.19.2-20220805.130853-srg.jar%23315!/:?]
	at net.minecraft.server.Main.main(Main.java:157) ~[server-1.19.2-20220805.130853-srg.jar%23315!/:?]
	at jdk.internal.reflect.DirectMethodHandleAccessor.invoke(DirectMethodHandleAccessor.java:103) ~[?:?]
	at java.lang.reflect.Method.invoke(Method.java:580) ~[?:?]
	at net.minecraftforge.fml.loading.targets.CommonServerLaunchHandler.lambda$launchService$0(CommonServerLaunchHandler.java:29) ~[fmlloader-1.19.2-43.4.0.jar%2367!/:?]
	at cpw.mods.modlauncher.LaunchServiceHandlerDecorator.launch(LaunchServiceHandlerDecorator.java:30) [modlauncher-10.0.8.jar%2354!/:?]
	at cpw.mods.modlauncher.LaunchServiceHandler.launch(LaunchServiceHandler.java:53) [modlauncher-10.0.8.jar%2354!/:?]
	at cpw.mods.modlauncher.LaunchServiceHandler.launch(LaunchServiceHandler.java:71) [modlauncher-10.0.8.jar%2354!/:?]
	at cpw.mods.modlauncher.Launcher.run(Launcher.java:106) [modlauncher-10.0.8.jar%2354!/:?]
	at cpw.mods.modlauncher.Launcher.main(Launcher.java:77) [modlauncher-10.0.8.jar%2354!/:?]
	at cpw.mods.modlauncher.BootstrapLaunchConsumer.accept(BootstrapLaunchConsumer.java:26) [modlauncher-10.0.8.jar%2354!/:?]
	at cpw.mods.modlauncher.BootstrapLaunchConsumer.accept(BootstrapLaunchConsumer.java:23) [modlauncher-10.0.8.jar%2354!/:?]
	at cpw.mods.bootstraplauncher.BootstrapLauncher.main(BootstrapLauncher.java:141) [bootstraplauncher-1.1.2.jar:?]
[02сент.2025 01:11:36.958] [main/INFO] [net.minecraft.world.item.crafting.RecipeManager/]: Skipping loading recipe twilightforest:jeed/slowness as it's serializer returned null
[02сент.2025 01:11:36.981] [main/INFO] [net.minecraft.world.item.crafting.RecipeManager/]: Loaded 83 recipes
[02сент.2025 01:11:37.324] [main/ERROR] [net.minecraft.world.level.storage.loot.LootTables/]: Couldn't parse loot table yuushya:blocks/painter_gift_box
com.google.gson.JsonSyntaxException: Expected name to be an item, was unknown string 'yuushya:get_lit_item'
	at net.minecraft.util.GsonHelper.m_13866_(GsonHelper.java:137) ~[server-1.19.2-20220805.130853-srg.jar%23315!/:?]
	at java.util.Optional.orElseThrow(Optional.java:403) ~[?:?]
	at net.minecraft.util.GsonHelper.m_13874_(GsonHelper.java:137) ~[server-1.19.2-20220805.130853-srg.jar%23315!/:?]
	at net.minecraft.util.GsonHelper.m_13909_(GsonHelper.java:145) ~[server-1.19.2-20220805.130853-srg.jar%23315!/:?]
	at net.minecraft.world.level.storage.loot.entries.LootItem$Serializer.m_7267_(LootItem.java:55) ~[server-1.19.2-20220805.130853-srg.jar%23315!/:?]
	at net.minecraft.world.level.storage.loot.entries.LootItem$Serializer.m_7267_(LootItem.java:40) ~[server-1.19.2-20220805.130853-srg.jar%23315!/:?]
	at net.minecraft.world.level.storage.loot.entries.LootPoolSingletonContainer$Serializer.m_5921_(LootPoolSingletonContainer.java:151) ~[server-1.19.2-20220805.130853-srg.jar%23315!/:?]
	at net.minecraft.world.level.storage.loot.entries.LootPoolSingletonContainer$Serializer.m_5921_(LootPoolSingletonContainer.java:129) ~[server-1.19.2-20220805.130853-srg.jar%23315!/:?]
	at net.minecraft.world.level.storage.loot.entries.LootPoolEntryContainer$Serializer.m_7561_(LootPoolEntryContainer.java:86) ~[server-1.19.2-20220805.130853-srg.jar%23315!/:?]
	at net.minecraft.world.level.storage.loot.entries.LootPoolEntryContainer$Serializer.m_7561_(LootPoolEntryContainer.java:74) ~[server-1.19.2-20220805.130853-srg.jar%23315!/:?]
	at net.minecraft.world.level.storage.loot.GsonAdapterFactory$JsonAdapter.deserialize(GsonAdapterFactory.java:102) ~[server-1.19.2-20220805.130853-srg.jar%23315!/:?]
	at com.google.gson.internal.bind.TreeTypeAdapter.read(TreeTypeAdapter.java:69) ~[gson-2.8.9.jar%2370!/:?]
	at com.google.gson.internal.bind.TypeAdapterRuntimeTypeWrapper.read(TypeAdapterRuntimeTypeWrapper.java:41) ~[gson-2.8.9.jar%2370!/:?]
	at com.google.gson.internal.bind.ArrayTypeAdapter.read(ArrayTypeAdapter.java:72) ~[gson-2.8.9.jar%2370!/:?]
	at com.google.gson.Gson.fromJson(Gson.java:963) ~[gson-2.8.9.jar%2370!/:?]
	at com.google.gson.Gson.fromJson(Gson.java:1034) ~[gson-2.8.9.jar%2370!/:?]
	at com.google.gson.internal.bind.TreeTypeAdapter$GsonContextImpl.deserialize(TreeTypeAdapter.java:162) ~[gson-2.8.9.jar%2370!/:?]
	at net.minecraft.util.GsonHelper.m_13808_(GsonHelper.java:455) ~[server-1.19.2-20220805.130853-srg.jar%23315!/:?]
	at net.minecraft.util.GsonHelper.m_13836_(GsonHelper.java:463) ~[server-1.19.2-20220805.130853-srg.jar%23315!/:?]
	at net.minecraft.world.level.storage.loot.LootPool$Serializer.deserialize(LootPool.java:190) ~[server-1.19.2-20220805.130853-srg.jar%23315!/:?]
	at net.minecraft.world.level.storage.loot.LootPool$Serializer.deserialize(LootPool.java:187) ~[server-1.19.2-20220805.130853-srg.jar%23315!/:?]
	at com.google.gson.internal.bind.TreeTypeAdapter.read(TreeTypeAdapter.java:69) ~[gson-2.8.9.jar%2370!/:?]
	at com.google.gson.internal.bind.TypeAdapterRuntimeTypeWrapper.read(TypeAdapterRuntimeTypeWrapper.java:41) ~[gson-2.8.9.jar%2370!/:?]
	at com.google.gson.internal.bind.ArrayTypeAdapter.read(ArrayTypeAdapter.java:72) ~[gson-2.8.9.jar%2370!/:?]
	at com.google.gson.Gson.fromJson(Gson.java:963) ~[gson-2.8.9.jar%2370!/:?]
	at com.google.gson.Gson.fromJson(Gson.java:1034) ~[gson-2.8.9.jar%2370!/:?]
	at com.google.gson.internal.bind.TreeTypeAdapter$GsonContextImpl.deserialize(TreeTypeAdapter.java:162) ~[gson-2.8.9.jar%2370!/:?]
	at net.minecraft.util.GsonHelper.m_13808_(GsonHelper.java:455) ~[server-1.19.2-20220805.130853-srg.jar%23315!/:?]
	at net.minecraft.util.GsonHelper.m_13845_(GsonHelper.java:473) ~[server-1.19.2-20220805.130853-srg.jar%23315!/:?]
	at net.minecraft.world.level.storage.loot.LootTable$Serializer.deserialize(LootTable.java:256) ~[server-1.19.2-20220805.130853-srg.jar%23315!/:?]
	at net.minecraft.world.level.storage.loot.LootTable$Serializer.deserialize(LootTable.java:253) ~[server-1.19.2-20220805.130853-srg.jar%23315!/:?]
	at com.google.gson.internal.bind.TreeTypeAdapter.read(TreeTypeAdapter.java:69) ~[gson-2.8.9.jar%2370!/:?]
	at com.google.gson.Gson.fromJson(Gson.java:963) ~[gson-2.8.9.jar%2370!/:?]
	at com.google.gson.Gson.fromJson(Gson.java:1034) ~[gson-2.8.9.jar%2370!/:?]
	at com.google.gson.Gson.fromJson(Gson.java:1006) ~[gson-2.8.9.jar%2370!/:?]
	at net.minecraftforge.common.ForgeHooks.loadLootTable(ForgeHooks.java:929) ~[forge-1.19.2-43.4.0-universal.jar%23320!/:?]
	at net.minecraft.world.level.storage.loot.LootTables.lambda$apply$0(LootTables.java:41) ~[server-1.19.2-20220805.130853-srg.jar%23315!/:?]
	at java.util.HashMap.forEach(HashMap.java:1429) ~[?:?]
	at net.minecraft.world.level.storage.loot.LootTables.m_5787_(LootTables.java:38) ~[server-1.19.2-20220805.130853-srg.jar%23315!/:?]
	at net.minecraft.world.level.storage.loot.LootTables.m_5787_(LootTables.java:16) ~[server-1.19.2-20220805.130853-srg.jar%23315!/:?]
	at net.minecraft.server.packs.resources.SimplePreparableReloadListener.m_10789_(SimplePreparableReloadListener.java:13) ~[server-1.19.2-20220805.130853-srg.jar%23315!/:?]
	at java.util.concurrent.CompletableFuture$UniAccept.tryFire(CompletableFuture.java:718) ~[?:?]
	at java.util.concurrent.CompletableFuture$Completion.run(CompletableFuture.java:482) ~[?:?]
	at net.minecraft.server.packs.resources.SimpleReloadInstance.m_143940_(SimpleReloadInstance.java:69) ~[server-1.19.2-20220805.130853-srg.jar%23315!/:?]
	at net.minecraft.Util.m_214652_(Util.java:781) ~[server-1.19.2-20220805.130853-srg.jar%23315!/:?]
	at net.minecraft.Util.m_214679_(Util.java:770) ~[server-1.19.2-20220805.130853-srg.jar%23315!/:?]
	at net.minecraft.server.Main.main(Main.java:157) ~[server-1.19.2-20220805.130853-srg.jar%23315!/:?]
	at jdk.internal.reflect.DirectMethodHandleAccessor.invoke(DirectMethodHandleAccessor.java:103) ~[?:?]
	at java.lang.reflect.Method.invoke(Method.java:580) ~[?:?]
	at net.minecraftforge.fml.loading.targets.CommonServerLaunchHandler.lambda$launchService$0(CommonServerLaunchHandler.java:29) ~[fmlloader-1.19.2-43.4.0.jar%2367!/:?]
	at cpw.mods.modlauncher.LaunchServiceHandlerDecorator.launch(LaunchServiceHandlerDecorator.java:30) [modlauncher-10.0.8.jar%2354!/:?]
	at cpw.mods.modlauncher.LaunchServiceHandler.launch(LaunchServiceHandler.java:53) [modlauncher-10.0.8.jar%2354!/:?]
	at cpw.mods.modlauncher.LaunchServiceHandler.launch(LaunchServiceHandler.java:71) [modlauncher-10.0.8.jar%2354!/:?]
	at cpw.mods.modlauncher.Launcher.run(Launcher.java:106) [modlauncher-10.0.8.jar%2354!/:?]
	at cpw.mods.modlauncher.Launcher.main(Launcher.java:77) [modlauncher-10.0.8.jar%2354!/:?]
	at cpw.mods.modlauncher.BootstrapLaunchConsumer.accept(BootstrapLaunchConsumer.java:26) [modlauncher-10.0.8.jar%2354!/:?]
	at cpw.mods.modlauncher.BootstrapLaunchConsumer.accept(BootstrapLaunchConsumer.java:23) [modlauncher-10.0.8.jar%2354!/:?]
	at cpw.mods.bootstraplauncher.BootstrapLauncher.main(BootstrapLauncher.java:141) [bootstraplauncher-1.1.2.jar:?]
[02сент.2025 01:11:37.392] [main/ERROR] [net.minecraft.world.level.storage.loot.LootTables/]: Couldn't parse loot table divinerpg:entities/seng
com.google.gson.JsonSyntaxException: Expected name to be an item, was unknown string 'divinerpg:seng_fur'
	at net.minecraft.util.GsonHelper.m_13866_(GsonHelper.java:137) ~[server-1.19.2-20220805.130853-srg.jar%23315!/:?]
	at java.util.Optional.orElseThrow(Optional.java:403) ~[?:?]
	at net.minecraft.util.GsonHelper.m_13874_(GsonHelper.java:137) ~[server-1.19.2-20220805.130853-srg.jar%23315!/:?]
	at net.minecraft.util.GsonHelper.m_13909_(GsonHelper.java:145) ~[server-1.19.2-20220805.130853-srg.jar%23315!/:?]
	at net.minecraft.world.level.storage.loot.entries.LootItem$Serializer.m_7267_(LootItem.java:55) ~[server-1.19.2-20220805.130853-srg.jar%23315!/:?]
	at net.minecraft.world.level.storage.loot.entries.LootItem$Serializer.m_7267_(LootItem.java:40) ~[server-1.19.2-20220805.130853-srg.jar%23315!/:?]
	at net.minecraft.world.level.storage.loot.entries.LootPoolSingletonContainer$Serializer.m_5921_(LootPoolSingletonContainer.java:151) ~[server-1.19.2-20220805.130853-srg.jar%23315!/:?]
	at net.minecraft.world.level.storage.loot.entries.LootPoolSingletonContainer$Serializer.m_5921_(LootPoolSingletonContainer.java:129) ~[server-1.19.2-20220805.130853-srg.jar%23315!/:?]
	at net.minecraft.world.level.storage.loot.entries.LootPoolEntryContainer$Serializer.m_7561_(LootPoolEntryContainer.java:86) ~[server-1.19.2-20220805.130853-srg.jar%23315!/:?]
	at net.minecraft.world.level.storage.loot.entries.LootPoolEntryContainer$Serializer.m_7561_(LootPoolEntryContainer.java:74) ~[server-1.19.2-20220805.130853-srg.jar%23315!/:?]
	at net.minecraft.world.level.storage.loot.GsonAdapterFactory$JsonAdapter.deserialize(GsonAdapterFactory.java:102) ~[server-1.19.2-20220805.130853-srg.jar%23315!/:?]
	at com.google.gson.internal.bind.TreeTypeAdapter.read(TreeTypeAdapter.java:69) ~[gson-2.8.9.jar%2370!/:?]
	at com.google.gson.internal.bind.TypeAdapterRuntimeTypeWrapper.read(TypeAdapterRuntimeTypeWrapper.java:41) ~[gson-2.8.9.jar%2370!/:?]
	at com.google.gson.internal.bind.ArrayTypeAdapter.read(ArrayTypeAdapter.java:72) ~[gson-2.8.9.jar%2370!/:?]
	at com.google.gson.Gson.fromJson(Gson.java:963) ~[gson-2.8.9.jar%2370!/:?]
	at com.google.gson.Gson.fromJson(Gson.java:1034) ~[gson-2.8.9.jar%2370!/:?]
	at com.google.gson.internal.bind.TreeTypeAdapter$GsonContextImpl.deserialize(TreeTypeAdapter.java:162) ~[gson-2.8.9.jar%2370!/:?]
	at net.minecraft.util.GsonHelper.m_13808_(GsonHelper.java:455) ~[server-1.19.2-20220805.130853-srg.jar%23315!/:?]
	at net.minecraft.util.GsonHelper.m_13836_(GsonHelper.java:463) ~[server-1.19.2-20220805.130853-srg.jar%23315!/:?]
	at net.minecraft.world.level.storage.loot.LootPool$Serializer.deserialize(LootPool.java:190) ~[server-1.19.2-20220805.130853-srg.jar%23315!/:?]
	at net.minecraft.world.level.storage.loot.LootPool$Serializer.deserialize(LootPool.java:187) ~[server-1.19.2-20220805.130853-srg.jar%23315!/:?]
	at com.google.gson.internal.bind.TreeTypeAdapter.read(TreeTypeAdapter.java:69) ~[gson-2.8.9.jar%2370!/:?]
	at com.google.gson.internal.bind.TypeAdapterRuntimeTypeWrapper.read(TypeAdapterRuntimeTypeWrapper.java:41) ~[gson-2.8.9.jar%2370!/:?]
	at com.google.gson.internal.bind.ArrayTypeAdapter.read(ArrayTypeAdapter.java:72) ~[gson-2.8.9.jar%2370!/:?]
	at com.google.gson.Gson.fromJson(Gson.java:963) ~[gson-2.8.9.jar%2370!/:?]
	at com.google.gson.Gson.fromJson(Gson.java:1034) ~[gson-2.8.9.jar%2370!/:?]
	at com.google.gson.internal.bind.TreeTypeAdapter$GsonContextImpl.deserialize(TreeTypeAdapter.java:162) ~[gson-2.8.9.jar%2370!/:?]
	at net.minecraft.util.GsonHelper.m_13808_(GsonHelper.java:455) ~[server-1.19.2-20220805.130853-srg.jar%23315!/:?]
	at net.minecraft.util.GsonHelper.m_13845_(GsonHelper.java:473) ~[server-1.19.2-20220805.130853-srg.jar%23315!/:?]
	at net.minecraft.world.level.storage.loot.LootTable$Serializer.deserialize(LootTable.java:256) ~[server-1.19.2-20220805.130853-srg.jar%23315!/:?]
	at net.minecraft.world.level.storage.loot.LootTable$Serializer.deserialize(LootTable.java:253) ~[server-1.19.2-20220805.130853-srg.jar%23315!/:?]
	at com.google.gson.internal.bind.TreeTypeAdapter.read(TreeTypeAdapter.java:69) ~[gson-2.8.9.jar%2370!/:?]
	at com.google.gson.Gson.fromJson(Gson.java:963) ~[gson-2.8.9.jar%2370!/:?]
	at com.google.gson.Gson.fromJson(Gson.java:1034) ~[gson-2.8.9.jar%2370!/:?]
	at com.google.gson.Gson.fromJson(Gson.java:1006) ~[gson-2.8.9.jar%2370!/:?]
	at net.minecraftforge.common.ForgeHooks.loadLootTable(ForgeHooks.java:929) ~[forge-1.19.2-43.4.0-universal.jar%23320!/:?]
	at net.minecraft.world.level.storage.loot.LootTables.lambda$apply$0(LootTables.java:41) ~[server-1.19.2-20220805.130853-srg.jar%23315!/:?]
	at java.util.HashMap.forEach(HashMap.java:1429) ~[?:?]
	at net.minecraft.world.level.storage.loot.LootTables.m_5787_(LootTables.java:38) ~[server-1.19.2-20220805.130853-srg.jar%23315!/:?]
	at net.minecraft.world.level.storage.loot.LootTables.m_5787_(LootTables.java:16) ~[server-1.19.2-20220805.130853-srg.jar%23315!/:?]
	at net.minecraft.server.packs.resources.SimplePreparableReloadListener.m_10789_(SimplePreparableReloadListener.java:13) ~[server-1.19.2-20220805.130853-srg.jar%23315!/:?]
	at java.util.concurrent.CompletableFuture$UniAccept.tryFire(CompletableFuture.java:718) ~[?:?]
	at java.util.concurrent.CompletableFuture$Completion.run(CompletableFuture.java:482) ~[?:?]
	at net.minecraft.server.packs.resources.SimpleReloadInstance.m_143940_(SimpleReloadInstance.java:69) ~[server-1.19.2-20220805.130853-srg.jar%23315!/:?]
	at net.minecraft.Util.m_214652_(Util.java:781) ~[server-1.19.2-20220805.130853-srg.jar%23315!/:?]
	at net.minecraft.Util.m_214679_(Util.java:770) ~[server-1.19.2-20220805.130853-srg.jar%23315!/:?]
	at net.minecraft.server.Main.main(Main.java:157) ~[server-1.19.2-20220805.130853-srg.jar%23315!/:?]
	at jdk.internal.reflect.DirectMethodHandleAccessor.invoke(DirectMethodHandleAccessor.java:103) ~[?:?]
	at java.lang.reflect.Method.invoke(Method.java:580) ~[?:?]
	at net.minecraftforge.fml.loading.targets.CommonServerLaunchHandler.lambda$launchService$0(CommonServerLaunchHandler.java:29) ~[fmlloader-1.19.2-43.4.0.jar%2367!/:?]
	at cpw.mods.modlauncher.LaunchServiceHandlerDecorator.launch(LaunchServiceHandlerDecorator.java:30) [modlauncher-10.0.8.jar%2354!/:?]
	at cpw.mods.modlauncher.LaunchServiceHandler.launch(LaunchServiceHandler.java:53) [modlauncher-10.0.8.jar%2354!/:?]
	at cpw.mods.modlauncher.LaunchServiceHandler.launch(LaunchServiceHandler.java:71) [modlauncher-10.0.8.jar%2354!/:?]
	at cpw.mods.modlauncher.Launcher.run(Launcher.java:106) [modlauncher-10.0.8.jar%2354!/:?]
	at cpw.mods.modlauncher.Launcher.main(Launcher.java:77) [modlauncher-10.0.8.jar%2354!/:?]
	at cpw.mods.modlauncher.BootstrapLaunchConsumer.accept(BootstrapLaunchConsumer.java:26) [modlauncher-10.0.8.jar%2354!/:?]
	at cpw.mods.modlauncher.BootstrapLaunchConsumer.accept(BootstrapLaunchConsumer.java:23) [modlauncher-10.0.8.jar%2354!/:?]
	at cpw.mods.bootstraplauncher.BootstrapLauncher.main(BootstrapLauncher.java:141) [bootstraplauncher-1.1.2.jar:?]
[02сент.2025 01:11:38.500] [main/ERROR] [net.minecraft.server.ServerAdvancementManager/]: Parsing error loading custom advancement minecraft:adventure/craft_decorated_pot_using_only_sherds: Invalid criterion trigger: minecraft:recipe_crafted
[02сент.2025 01:11:38.617] [main/INFO] [net.minecraft.advancements.AdvancementList/]: Loaded 5882 advancements
[02сент.2025 01:11:38.628] [main/INFO] [twilightforest/]: Loaded 9 Stalactite configs!
[02сент.2025 01:11:38.921] [main/INFO] [slimeknights.mantle.fluid.transfer.FluidContainerTransferManager/]: Loaded 24 dynamic modifiers in 5.7763 ms
[02сент.2025 01:11:38.925] [main/INFO] [de.teamlapen.vampirism.entity.player.skills.SkillTree/]: Loaded 80 skill nodes
[02сент.2025 01:11:38.932] [main/INFO] [de.teamlapen.vampirism.entity.converted.VampirismEntityRegistry/]: Registered 12 convertibles
[02сент.2025 01:11:39.093] [main/INFO] [slimeknights.tconstruct.library.modifiers.ModifierManager/]: Loaded 118 dynamic modifiers and 0 modifier redirects in 135.2259 ms
[02сент.2025 01:11:39.113] [main/INFO] [slimeknights.tconstruct.library.modifiers.ModifierManager/]: Loaded 38 modifier tags for 136 modifiers in 19.6405 ms
[02сент.2025 01:11:39.113] [main/INFO] [slimeknights.tconstruct.library.modifiers.ModifierManager/]: Loaded 50 enchantment to modifier mappings in 0.8266 ms
[02сент.2025 01:11:39.124] [main/INFO] [tconstruct/]: Loaded 50 spilling fluids in 3.1669 ms
[02сент.2025 01:11:39.151] [main/INFO] [slimeknights.tconstruct.library.materials.definition.MaterialManager/]: Loaded 50 materials in 14.6517 ms
[02сент.2025 01:11:39.153] [main/INFO] [slimeknights.tconstruct.library.materials.definition.MaterialManager/]: Loaded 1 material tags for 19 materials in 2.5259 ms
[02сент.2025 01:11:39.170] [main/INFO] [slimeknights.tconstruct.library.materials.stats.MaterialStatsManager/]: 347 stats loaded for 59 materials in 16.012 ms
[02сент.2025 01:11:39.193] [main/INFO] [slimeknights.tconstruct.library.materials.traits.MaterialTraitsManager/]: 184 traits loaded for 59 materials in 22.5403 ms
[02сент.2025 01:11:39.215] [main/INFO] [slimeknights.tconstruct.library.tools.definition.ToolDefinitionLoader/]: Loaded 34 tool definitions in 21.5763 ms
[02сент.2025 01:11:39.228] [main/INFO] [slimeknights.tconstruct.library.tools.layout.StationSlotLayoutLoader/]: Loaded 19 station slot layouts in 12.8632 ms
[02сент.2025 01:12:14.188] [Server thread/INFO] [net.minecraft.server.dedicated.DedicatedServer/]: Starting minecraft server version 1.19.2
[02сент.2025 01:12:14.193] [Server thread/INFO] [net.minecraft.server.dedicated.DedicatedServer/]: Loading properties
[02сент.2025 01:12:14.193] [Server thread/INFO] [net.minecraft.server.dedicated.DedicatedServer/]: Default game type: SURVIVAL
[02сент.2025 01:12:14.193] [Server thread/INFO] [net.minecraft.server.MinecraftServer/]: Generating keypair
[02сент.2025 01:12:14.318] [Server thread/INFO] [net.minecraft.server.dedicated.DedicatedServer/]: Starting Minecraft server on *:1337
[02сент.2025 01:12:14.371] [Server thread/INFO] [net.minecraft.server.network.ServerConnectionListener/]: Using default channel type
[02сент.2025 01:12:14.663] [Server thread/WARN] [net.minecraft.server.dedicated.DedicatedServer/]: **** SERVER IS RUNNING IN OFFLINE/INSECURE MODE!
[02сент.2025 01:12:14.663] [Server thread/WARN] [net.minecraft.server.dedicated.DedicatedServer/]: The server will make no attempt to authenticate usernames. Beware.
[02сент.2025 01:12:14.664] [Server thread/WARN] [net.minecraft.server.dedicated.DedicatedServer/]: While this makes the game possible to play without internet access, it also opens up the ability for hackers to connect with any username they choose.
[02сент.2025 01:12:14.664] [Server thread/WARN] [net.minecraft.server.dedicated.DedicatedServer/]: To change this, set "online-mode" to "true" in the server.properties file.
[02сент.2025 01:12:14.809] [Server thread/INFO] [Puzzles Lib/]: Loading server config for enchantinginfuser
[02сент.2025 01:12:14.811] [Thread-0/INFO] [Puzzles Lib/]: Reloading server config for enchantinginfuser
[02сент.2025 01:12:16.802] [Server thread/INFO] [net.minecraft.server.MinecraftServer/]:         __    
[02сент.2025 01:12:16.803] [Server thread/INFO] [net.minecraft.server.MinecraftServer/]:   |    |__)   LuckPerms v5.4.66
[02сент.2025 01:12:16.804] [Server thread/INFO] [net.minecraft.server.MinecraftServer/]:   |___ |      Running on Forge - Forge
[02сент.2025 01:12:16.804] [Server thread/INFO] [net.minecraft.server.MinecraftServer/]: 
[02сент.2025 01:12:16.808] [Server thread/INFO] [luckperms/]: Loading configuration...
[02сент.2025 01:12:17.244] [Server thread/INFO] [luckperms/]: Loading storage provider... [H2]
[02сент.2025 01:12:17.773] [Server thread/INFO] [luckperms/]: Loading internal permission managers...
[02сент.2025 01:12:17.858] [Server thread/INFO] [luckperms/]: Performing initial data load...
[02сент.2025 01:12:17.940] [Server thread/INFO] [luckperms/]: Successfully enabled. (took 101355ms)
[02сент.2025 01:12:17.959] [Server thread/INFO] [configured/]: Loading server configs...
[02сент.2025 01:12:22.902] [Server thread/INFO] [terrablender/]: Initialized TerraBlender biomes for level stem minecraft:the_nether
[02сент.2025 01:12:23.856] [Server thread/INFO] [terrablender/]: Initialized TerraBlender biomes for level stem minecraft:overworld
[02сент.2025 01:12:23.857] [Server thread/INFO] [net.minecraft.server.dedicated.DedicatedServer/]: Preparing level "WORLD"
[02сент.2025 01:12:26.597] [Server thread/INFO] [net.minecraft.server.MinecraftServer/]: Preparing start region for dimension minecraft:overworld
[02сент.2025 01:12:54.858] [Worker-Main3/INFO] [net.minecraft.server.level.progress.LoggerChunkProgressListener/]: Preparing spawn area: 0%
[02сент.2025 01:12:54.863] [Worker-Main3/INFO] [net.minecraft.server.level.progress.LoggerChunkProgressListener/]: Preparing spawn area: 0%
[02сент.2025 01:12:54.865] [Worker-Main9/INFO] [net.minecraft.server.level.progress.LoggerChunkProgressListener/]: Preparing spawn area: 0%
[02сент.2025 01:12:54.867] [Worker-Main10/INFO] [net.minecraft.server.level.progress.LoggerChunkProgressListener/]: Preparing spawn area: 0%
[02сент.2025 01:12:54.881] [Worker-Main1/INFO] [net.minecraft.server.level.progress.LoggerChunkProgressListener/]: Preparing spawn area: 0%
[02сент.2025 01:12:54.886] [Worker-Main10/INFO] [net.minecraft.server.level.progress.LoggerChunkProgressListener/]: Preparing spawn area: 0%
[02сент.2025 01:12:54.894] [Worker-Main8/INFO] [net.minecraft.server.level.progress.LoggerChunkProgressListener/]: Preparing spawn area: 0%
[02сент.2025 01:12:55.133] [Worker-Main4/INFO] [net.minecraft.server.level.progress.LoggerChunkProgressListener/]: Preparing spawn area: 0%
[02сент.2025 01:12:55.133] [Worker-Main4/INFO] [net.minecraft.server.level.progress.LoggerChunkProgressListener/]: Preparing spawn area: 0%
[02сент.2025 01:12:55.133] [Worker-Main1/INFO] [net.minecraft.server.level.progress.LoggerChunkProgressListener/]: Preparing spawn area: 0%
[02сент.2025 01:12:55.134] [Worker-Main10/INFO] [net.minecraft.server.level.progress.LoggerChunkProgressListener/]: Preparing spawn area: 0%
[02сент.2025 01:12:55.134] [Worker-Main4/INFO] [net.minecraft.server.level.progress.LoggerChunkProgressListener/]: Preparing spawn area: 0%
[02сент.2025 01:12:55.135] [Worker-Main4/INFO] [net.minecraft.server.level.progress.LoggerChunkProgressListener/]: Preparing spawn area: 0%
[02сент.2025 01:12:55.135] [Worker-Main10/INFO] [net.minecraft.server.level.progress.LoggerChunkProgressListener/]: Preparing spawn area: 0%
[02сент.2025 01:12:55.136] [Worker-Main4/INFO] [net.minecraft.server.level.progress.LoggerChunkProgressListener/]: Preparing spawn area: 0%
[02сент.2025 01:12:55.137] [Worker-Main10/INFO] [net.minecraft.server.level.progress.LoggerChunkProgressListener/]: Preparing spawn area: 0%
[02сент.2025 01:12:55.138] [Worker-Main1/INFO] [net.minecraft.server.level.progress.LoggerChunkProgressListener/]: Preparing spawn area: 0%
[02сент.2025 01:12:55.138] [Worker-Main1/INFO] [net.minecraft.server.level.progress.LoggerChunkProgressListener/]: Preparing spawn area: 0%
[02сент.2025 01:12:55.140] [Worker-Main10/INFO] [net.minecraft.server.level.progress.LoggerChunkProgressListener/]: Preparing spawn area: 0%
[02сент.2025 01:12:55.141] [Worker-Main14/INFO] [net.minecraft.server.level.progress.LoggerChunkProgressListener/]: Preparing spawn area: 0%
[02сент.2025 01:12:55.142] [Worker-Main14/INFO] [net.minecraft.server.level.progress.LoggerChunkProgressListener/]: Preparing spawn area: 0%
[02сент.2025 01:12:55.143] [Worker-Main9/INFO] [net.minecraft.server.level.progress.LoggerChunkProgressListener/]: Preparing spawn area: 0%
[02сент.2025 01:12:55.144] [Worker-Main14/INFO] [net.minecraft.server.level.progress.LoggerChunkProgressListener/]: Preparing spawn area: 0%
[02сент.2025 01:12:55.145] [Worker-Main14/INFO] [net.minecraft.server.level.progress.LoggerChunkProgressListener/]: Preparing spawn area: 0%
[02сент.2025 01:12:55.146] [Worker-Main10/INFO] [net.minecraft.server.level.progress.LoggerChunkProgressListener/]: Preparing spawn area: 0%
[02сент.2025 01:12:55.147] [Worker-Main9/INFO] [net.minecraft.server.level.progress.LoggerChunkProgressListener/]: Preparing spawn area: 0%
[02сент.2025 01:12:55.148] [Worker-Main9/INFO] [net.minecraft.server.level.progress.LoggerChunkProgressListener/]: Preparing spawn area: 0%
[02сент.2025 01:12:55.149] [Worker-Main10/INFO] [net.minecraft.server.level.progress.LoggerChunkProgressListener/]: Preparing spawn area: 0%
[02сент.2025 01:12:55.150] [Worker-Main9/INFO] [net.minecraft.server.level.progress.LoggerChunkProgressListener/]: Preparing spawn area: 0%
[02сент.2025 01:12:55.150] [Worker-Main12/INFO] [net.minecraft.server.level.progress.LoggerChunkProgressListener/]: Preparing spawn area: 0%
[02сент.2025 01:12:55.152] [Worker-Main8/INFO] [net.minecraft.server.level.progress.LoggerChunkProgressListener/]: Preparing spawn area: 0%
[02сент.2025 01:12:55.153] [Worker-Main3/INFO] [net.minecraft.server.level.progress.LoggerChunkProgressListener/]: Preparing spawn area: 0%
[02сент.2025 01:12:55.154] [Worker-Main13/INFO] [net.minecraft.server.level.progress.LoggerChunkProgressListener/]: Preparing spawn area: 0%
[02сент.2025 01:12:55.155] [Worker-Main4/INFO] [net.minecraft.server.level.progress.LoggerChunkProgressListener/]: Preparing spawn area: 0%
[02сент.2025 01:12:55.155] [Worker-Main3/INFO] [net.minecraft.server.level.progress.LoggerChunkProgressListener/]: Preparing spawn area: 0%
[02сент.2025 01:12:55.156] [Worker-Main12/INFO] [net.minecraft.server.level.progress.LoggerChunkProgressListener/]: Preparing spawn area: 0%
[02сент.2025 01:12:55.157] [Worker-Main4/INFO] [net.minecraft.server.level.progress.LoggerChunkProgressListener/]: Preparing spawn area: 0%
[02сент.2025 01:12:55.158] [Worker-Main4/INFO] [net.minecraft.server.level.progress.LoggerChunkProgressListener/]: Preparing spawn area: 0%
[02сент.2025 01:12:55.158] [Worker-Main4/INFO] [net.minecraft.server.level.progress.LoggerChunkProgressListener/]: Preparing spawn area: 0%
[02сент.2025 01:12:55.159] [Worker-Main13/INFO] [net.minecraft.server.level.progress.LoggerChunkProgressListener/]: Preparing spawn area: 0%
[02сент.2025 01:12:55.160] [Worker-Main1/INFO] [net.minecraft.server.level.progress.LoggerChunkProgressListener/]: Preparing spawn area: 0%
[02сент.2025 01:12:55.161] [Worker-Main7/INFO] [net.minecraft.server.level.progress.LoggerChunkProgressListener/]: Preparing spawn area: 0%
[02сент.2025 01:12:55.162] [Worker-Main12/INFO] [net.minecraft.server.level.progress.LoggerChunkProgressListener/]: Preparing spawn area: 0%
[02сент.2025 01:12:55.163] [Worker-Main5/INFO] [net.minecraft.server.level.progress.LoggerChunkProgressListener/]: Preparing spawn area: 0%
[02сент.2025 01:12:55.164] [Worker-Main14/INFO] [net.minecraft.server.level.progress.LoggerChunkProgressListener/]: Preparing spawn area: 0%
[02сент.2025 01:12:55.164] [Worker-Main8/INFO] [net.minecraft.server.level.progress.LoggerChunkProgressListener/]: Preparing spawn area: 0%
[02сент.2025 01:12:55.165] [Worker-Main5/INFO] [net.minecraft.server.level.progress.LoggerChunkProgressListener/]: Preparing spawn area: 0%
[02сент.2025 01:12:55.166] [Worker-Main14/INFO] [net.minecraft.server.level.progress.LoggerChunkProgressListener/]: Preparing spawn area: 0%
[02сент.2025 01:12:55.166] [Worker-Main8/INFO] [net.minecraft.server.level.progress.LoggerChunkProgressListener/]: Preparing spawn area: 0%
[02сент.2025 01:12:55.167] [Worker-Main5/INFO] [net.minecraft.server.level.progress.LoggerChunkProgressListener/]: Preparing spawn area: 0%
[02сент.2025 01:12:55.168] [Worker-Main14/INFO] [net.minecraft.server.level.progress.LoggerChunkProgressListener/]: Preparing spawn area: 0%
[02сент.2025 01:12:55.168] [Worker-Main8/INFO] [net.minecraft.server.level.progress.LoggerChunkProgressListener/]: Preparing spawn area: 0%
[02сент.2025 01:12:55.169] [Worker-Main5/INFO] [net.minecraft.server.level.progress.LoggerChunkProgressListener/]: Preparing spawn area: 0%
[02сент.2025 01:12:55.169] [Worker-Main14/INFO] [net.minecraft.server.level.progress.LoggerChunkProgressListener/]: Preparing spawn area: 0%
[02сент.2025 01:12:55.170] [Worker-Main14/INFO] [net.minecraft.server.level.progress.LoggerChunkProgressListener/]: Preparing spawn area: 0%
[02сент.2025 01:12:55.171] [Worker-Main5/INFO] [net.minecraft.server.level.progress.LoggerChunkProgressListener/]: Preparing spawn area: 0%
[02сент.2025 01:12:55.171] [Worker-Main8/INFO] [net.minecraft.server.level.progress.LoggerChunkProgressListener/]: Preparing spawn area: 0%
[02сент.2025 01:12:55.172] [Worker-Main14/INFO] [net.minecraft.server.level.progress.LoggerChunkProgressListener/]: Preparing spawn area: 0%
[02сент.2025 01:12:55.598] [Worker-Main2/INFO] [net.minecraft.server.level.progress.LoggerChunkProgressListener/]: Preparing spawn area: 3%
[02сент.2025 01:12:56.098] [Worker-Main5/INFO] [net.minecraft.server.level.progress.LoggerChunkProgressListener/]: Preparing spawn area: 24%
[02сент.2025 01:12:57.826] [Server thread/INFO] [net.minecraft.server.level.progress.LoggerChunkProgressListener/]: Time elapsed: 31229 ms
[02сент.2025 01:12:57.827] [Server thread/INFO] [net.minecraft.server.dedicated.DedicatedServer/]: Done (43.129s)! For help, type "help"
[02сент.2025 01:12:58.024] [Server thread/INFO] [net.minecraftforge.server.permission.PermissionAPI/]: Successfully initialized permission handler luckperms:permission_handler
[02сент.2025 01:12:58.062] [Server thread/INFO] [puffish_skills/]: [puffish_skills] Configuration loaded successfully!
[02сент.2025 01:12:58.226] [Server thread/INFO] [puffish_skills/]: [puffish_skills] Data pack `puffish_skills` loaded successfully!
[02сент.2025 01:13:04.719] [Server thread/INFO] [com.github.alexthe666.iceandfire.IceAndFire/]: {iceandfire:fire_dragon_roost=true, iceandfire:fire_lily=true, iceandfire:spawn_dragon_skeleton_fire=true, iceandfire:lightning_dragon_roost=true, iceandfire:spawn_dragon_skeleton_lightning=true, iceandfire:ice_dragon_roost=true, iceandfire:ice_dragon_cave=true, iceandfire:lightning_dragon_cave=true, iceandfire:cyclops_cave=true, iceandfire:spawn_wandering_cyclops=true, iceandfire:spawn_sea_serpent=true, iceandfire:frost_lily=true, iceandfire:hydra_cave=true, iceandfire:lightning_lily=true, iceandfire:pixie_village=true, iceandfire:myrmex_hive_jungle=true, iceandfire:myrmex_hive_desert=true, iceandfire:silver_ore=true, iceandfire:siren_island=true, iceandfire:spawn_dragon_skeleton_ice=true, iceandfire:spawn_stymphalian_bird=true, iceandfire:fire_dragon_cave=true, iceandfire:sapphire_ore=true, iceandfire:spawn_hippocampus=true, iceandfire:spawn_death_worm=true}
[02сент.2025 01:13:04.720] [Server thread/INFO] [com.github.alexthe666.iceandfire.IceAndFire/]: {TROLL_S=true, HIPPOGRYPH=true, AMPHITHERE=true, COCKATRICE=true, TROLL_M=true, DREAD_LICH=true, TROLL_F=true}
[02сент.2025 01:13:05.003] [Server thread/INFO] [net.bettercombat.logic.WeaponRegistry/]: Encoded Weapon Attribute registry size (with package overhead): 146398 bytes (in 15 string chunks with the size of 10000)
[02сент.2025 01:13:05.010] [Server thread/INFO] [patchouli/]: Sending reload packet to clients
[02сент.2025 01:13:05.029] [Server thread/WARN] [voicechat/]: [voicechat] Running in offline mode - Voice chat encryption is not secure!
[02сент.2025 01:13:05.152] [VoiceChatServerThread/INFO] [voicechat/]: [voicechat] Voice chat server started at port 55632
[02сент.2025 01:13:07.324] [Server thread/WARN] [net.minecraft.server.MinecraftServer/]: Can't keep up! Is the server overloaded? Running 2070ms or 41 ticks behind
[02сент.2025 01:13:11.175] [Server thread/WARN] [net.minecraft.network.syncher.SynchedEntityData/]: defineId called for: class net.minecraft.world.entity.player.Player from class tschipp.carryon.common.carry.CarryOnDataManager
[02сент.2025 01:13:11.362] [Server thread/WARN] [net.minecraft.stats.ServerStatsCounter/]: Invalid statistic in .\WORLD\stats\5401edc1-f424-367b-b22e-e812e6c8b4da.json: Don't know what arsmagicalegacy:interact_with_inscription_table is
[02сент.2025 01:13:11.363] [Server thread/WARN] [net.minecraft.stats.ServerStatsCounter/]: Invalid statistic in .\WORLD\stats\5401edc1-f424-367b-b22e-e812e6c8b4da.json: Don't know what arsmagicalegacy:interact_with_occulus is
[02сент.2025 01:13:11.364] [Server thread/WARN] [net.minecraft.stats.ServerStatsCounter/]: Invalid statistic in .\WORLD\stats\5401edc1-f424-367b-b22e-e812e6c8b4da.json: Don't know what arsmagicalegacy:sunstone_block is
[02сент.2025 01:13:11.365] [Server thread/WARN] [net.minecraft.stats.ServerStatsCounter/]: Invalid statistic in .\WORLD\stats\5401edc1-f424-367b-b22e-e812e6c8b4da.json: Don't know what arsmagicalegacy:occulus is
[02сент.2025 01:13:11.366] [Server thread/WARN] [net.minecraft.stats.ServerStatsCounter/]: Invalid statistic in .\WORLD\stats\5401edc1-f424-367b-b22e-e812e6c8b4da.json: Don't know what arsmagicalegacy:magitech_goggles is
[02сент.2025 01:13:11.366] [Server thread/WARN] [net.minecraft.stats.ServerStatsCounter/]: Invalid statistic in .\WORLD\stats\5401edc1-f424-367b-b22e-e812e6c8b4da.json: Don't know what arsmagicalegacy:topaz is
[02сент.2025 01:13:11.367] [Server thread/WARN] [net.minecraft.stats.ServerStatsCounter/]: Invalid statistic in .\WORLD\stats\5401edc1-f424-367b-b22e-e812e6c8b4da.json: Don't know what arsmagicalegacy:gold_inlay is
[02сент.2025 01:13:11.367] [Server thread/WARN] [net.minecraft.stats.ServerStatsCounter/]: Invalid statistic in .\WORLD\stats\5401edc1-f424-367b-b22e-e812e6c8b4da.json: Don't know what arsmagicalegacy:inscription_table_upgrade_tier_3 is
[02сент.2025 01:13:11.368] [Server thread/WARN] [net.minecraft.stats.ServerStatsCounter/]: Invalid statistic in .\WORLD\stats\5401edc1-f424-367b-b22e-e812e6c8b4da.json: Don't know what arsmagicalegacy:altar_core is
[02сент.2025 01:13:11.368] [Server thread/WARN] [net.minecraft.stats.ServerStatsCounter/]: Invalid statistic in .\WORLD\stats\5401edc1-f424-367b-b22e-e812e6c8b4da.json: Don't know what arsmagicalegacy:spell_parchment is
[02сент.2025 01:13:11.369] [Server thread/WARN] [net.minecraft.stats.ServerStatsCounter/]: Invalid statistic in .\WORLD\stats\5401edc1-f424-367b-b22e-e812e6c8b4da.json: Don't know what arsmagicalegacy:purified_vinteum_dust is
[02сент.2025 01:13:11.369] [Server thread/WARN] [net.minecraft.stats.ServerStatsCounter/]: Invalid statistic in .\WORLD\stats\5401edc1-f424-367b-b22e-e812e6c8b4da.json: Don't know what arsmagicalegacy:magic_wall is
[02сент.2025 01:13:11.369] [Server thread/WARN] [net.minecraft.stats.ServerStatsCounter/]: Invalid statistic in .\WORLD\stats\5401edc1-f424-367b-b22e-e812e6c8b4da.json: Don't know what arsmagicalegacy:topaz_block is
[02сент.2025 01:13:11.369] [Server thread/WARN] [net.minecraft.stats.ServerStatsCounter/]: Invalid statistic in .\WORLD\stats\5401edc1-f424-367b-b22e-e812e6c8b4da.json: Don't know what arsmagicalegacy:chimerite_block is
[02сент.2025 01:13:11.370] [Server thread/WARN] [net.minecraft.stats.ServerStatsCounter/]: Invalid statistic in .\WORLD\stats\5401edc1-f424-367b-b22e-e812e6c8b4da.json: Don't know what arsmagicalegacy:arcane_ash is
[02сент.2025 01:13:11.371] [Server thread/WARN] [net.minecraft.stats.ServerStatsCounter/]: Invalid statistic in .\WORLD\stats\5401edc1-f424-367b-b22e-e812e6c8b4da.json: Don't know what arsmagicalegacy:wizards_chalk is
[02сент.2025 01:13:11.371] [Server thread/WARN] [net.minecraft.stats.ServerStatsCounter/]: Invalid statistic in .\WORLD\stats\5401edc1-f424-367b-b22e-e812e6c8b4da.json: Don't know what arsmagicalegacy:inscription_table is
[02сент.2025 01:13:11.372] [Server thread/WARN] [net.minecraft.stats.ServerStatsCounter/]: Invalid statistic in .\WORLD\stats\5401edc1-f424-367b-b22e-e812e6c8b4da.json: Don't know what arsmagicalegacy:inscription_table_upgrade_tier_1 is
[02сент.2025 01:13:11.372] [Server thread/WARN] [net.minecraft.stats.ServerStatsCounter/]: Invalid statistic in .\WORLD\stats\5401edc1-f424-367b-b22e-e812e6c8b4da.json: Don't know what arsmagicalegacy:arcane_compound is
[02сент.2025 01:13:11.372] [Server thread/WARN] [net.minecraft.stats.ServerStatsCounter/]: Invalid statistic in .\WORLD\stats\5401edc1-f424-367b-b22e-e812e6c8b4da.json: Don't know what arsmagicalegacy:inscription_table_upgrade_tier_2 is
[02сент.2025 01:13:11.373] [Server thread/WARN] [net.minecraft.stats.ServerStatsCounter/]: Invalid statistic in .\WORLD\stats\5401edc1-f424-367b-b22e-e812e6c8b4da.json: Don't know what arsmagicalegacy:vinteum_block is
[02сент.2025 01:13:11.373] [Server thread/WARN] [net.minecraft.stats.ServerStatsCounter/]: Invalid statistic in .\WORLD\stats\5401edc1-f424-367b-b22e-e812e6c8b4da.json: Don't know what arsmagicalegacy:vinteum_dust is
[02сент.2025 01:13:11.374] [Server thread/WARN] [net.minecraft.stats.ServerStatsCounter/]: Invalid statistic in .\WORLD\stats\5401edc1-f424-367b-b22e-e812e6c8b4da.json: Don't know what arsmagicalegacy:mana_creeper is
[02сент.2025 01:13:11.376] [Server thread/WARN] [net.minecraft.stats.ServerStatsCounter/]: Invalid statistic in .\WORLD\stats\5401edc1-f424-367b-b22e-e812e6c8b4da.json: Don't know what arsmagicalegacy:deepslate_chimerite_ore is
[02сент.2025 01:13:11.377] [Server thread/WARN] [net.minecraft.stats.ServerStatsCounter/]: Invalid statistic in .\WORLD\stats\5401edc1-f424-367b-b22e-e812e6c8b4da.json: Don't know what arsmagicalegacy:topaz is
[02сент.2025 01:13:11.377] [Server thread/WARN] [net.minecraft.stats.ServerStatsCounter/]: Invalid statistic in .\WORLD\stats\5401edc1-f424-367b-b22e-e812e6c8b4da.json: Don't know what arsmagicalegacy:chimerite_ore is
[02сент.2025 01:13:11.378] [Server thread/WARN] [net.minecraft.stats.ServerStatsCounter/]: Invalid statistic in .\WORLD\stats\5401edc1-f424-367b-b22e-e812e6c8b4da.json: Don't know what arsmagicalegacy:chimerite is
[02сент.2025 01:13:11.379] [Server thread/WARN] [net.minecraft.stats.ServerStatsCounter/]: Invalid statistic in .\WORLD\stats\5401edc1-f424-367b-b22e-e812e6c8b4da.json: Don't know what arsmagicalegacy:witchwood_sapling is
[02сент.2025 01:13:11.379] [Server thread/WARN] [net.minecraft.stats.ServerStatsCounter/]: Invalid statistic in .\WORLD\stats\5401edc1-f424-367b-b22e-e812e6c8b4da.json: Don't know what arsmagicalegacy:witchwood_log is
[02сент.2025 01:13:11.379] [Server thread/WARN] [net.minecraft.stats.ServerStatsCounter/]: Invalid statistic in .\WORLD\stats\5401edc1-f424-367b-b22e-e812e6c8b4da.json: Don't know what arsmagicalegacy:magic_wall is
[02сент.2025 01:13:11.379] [Server thread/WARN] [net.minecraft.stats.ServerStatsCounter/]: Invalid statistic in .\WORLD\stats\5401edc1-f424-367b-b22e-e812e6c8b4da.json: Don't know what arsmagicalegacy:tarma_root is
[02сент.2025 01:13:11.380] [Server thread/WARN] [net.minecraft.stats.ServerStatsCounter/]: Invalid statistic in .\WORLD\stats\5401edc1-f424-367b-b22e-e812e6c8b4da.json: Don't know what arsmagicalegacy:aum is
[02сент.2025 01:13:11.380] [Server thread/WARN] [net.minecraft.stats.ServerStatsCounter/]: Invalid statistic in .\WORLD\stats\5401edc1-f424-367b-b22e-e812e6c8b4da.json: Don't know what arsmagicalegacy:sunstone is
[02сент.2025 01:13:11.381] [Server thread/WARN] [net.minecraft.stats.ServerStatsCounter/]: Invalid statistic in .\WORLD\stats\5401edc1-f424-367b-b22e-e812e6c8b4da.json: Don't know what arsmagicalegacy:deepslate_vinteum_ore is
[02сент.2025 01:13:11.382] [Server thread/WARN] [net.minecraft.stats.ServerStatsCounter/]: Invalid statistic in .\WORLD\stats\5401edc1-f424-367b-b22e-e812e6c8b4da.json: Don't know what arsmagicalegacy:vinteum_ore is
[02сент.2025 01:13:11.382] [Server thread/WARN] [net.minecraft.stats.ServerStatsCounter/]: Invalid statistic in .\WORLD\stats\5401edc1-f424-367b-b22e-e812e6c8b4da.json: Don't know what arsmagicalegacy:wakebloom is
[02сент.2025 01:13:11.383] [Server thread/WARN] [net.minecraft.stats.ServerStatsCounter/]: Invalid statistic in .\WORLD\stats\5401edc1-f424-367b-b22e-e812e6c8b4da.json: Don't know what arsmagicalegacy:desert_nova is
[02сент.2025 01:13:11.383] [Server thread/WARN] [net.minecraft.stats.ServerStatsCounter/]: Invalid statistic in .\WORLD\stats\5401edc1-f424-367b-b22e-e812e6c8b4da.json: Don't know what arsmagicalegacy:witchwood_leaves is
[02сент.2025 01:13:11.383] [Server thread/WARN] [net.minecraft.stats.ServerStatsCounter/]: Invalid statistic in .\WORLD\stats\5401edc1-f424-367b-b22e-e812e6c8b4da.json: Don't know what arsmagicalegacy:deepslate_topaz_ore is
[02сент.2025 01:13:11.383] [Server thread/WARN] [net.minecraft.stats.ServerStatsCounter/]: Invalid statistic in .\WORLD\stats\5401edc1-f424-367b-b22e-e812e6c8b4da.json: Don't know what arsmagicalegacy:vinteum_dust is
[02сент.2025 01:13:11.384] [Server thread/WARN] [net.minecraft.stats.ServerStatsCounter/]: Invalid statistic in .\WORLD\stats\5401edc1-f424-367b-b22e-e812e6c8b4da.json: Don't know what arsmagicalegacy:sunstone_block is
[02сент.2025 01:13:11.385] [Server thread/WARN] [net.minecraft.stats.ServerStatsCounter/]: Invalid statistic in .\WORLD\stats\5401edc1-f424-367b-b22e-e812e6c8b4da.json: Don't know what arsmagicalegacy:occulus is
[02сент.2025 01:13:11.385] [Server thread/WARN] [net.minecraft.stats.ServerStatsCounter/]: Invalid statistic in .\WORLD\stats\5401edc1-f424-367b-b22e-e812e6c8b4da.json: Don't know what arsmagicalegacy:deepslate_chimerite_ore is
[02сент.2025 01:13:11.385] [Server thread/WARN] [net.minecraft.stats.ServerStatsCounter/]: Invalid statistic in .\WORLD\stats\5401edc1-f424-367b-b22e-e812e6c8b4da.json: Don't know what arsmagicalegacy:gold_inlay is
[02сент.2025 01:13:11.385] [Server thread/WARN] [net.minecraft.stats.ServerStatsCounter/]: Invalid statistic in .\WORLD\stats\5401edc1-f424-367b-b22e-e812e6c8b4da.json: Don't know what arsmagicalegacy:chimerite_ore is
[02сент.2025 01:13:11.387] [Server thread/WARN] [net.minecraft.stats.ServerStatsCounter/]: Invalid statistic in .\WORLD\stats\5401edc1-f424-367b-b22e-e812e6c8b4da.json: Don't know what arsmagicalegacy:altar_core is
[02сент.2025 01:13:11.387] [Server thread/WARN] [net.minecraft.stats.ServerStatsCounter/]: Invalid statistic in .\WORLD\stats\5401edc1-f424-367b-b22e-e812e6c8b4da.json: Don't know what arsmagicalegacy:magic_wall is
[02сент.2025 01:13:11.388] [Server thread/WARN] [net.minecraft.stats.ServerStatsCounter/]: Invalid statistic in .\WORLD\stats\5401edc1-f424-367b-b22e-e812e6c8b4da.json: Don't know what arsmagicalegacy:sunstone_ore is
[02сент.2025 01:13:11.388] [Server thread/WARN] [net.minecraft.stats.ServerStatsCounter/]: Invalid statistic in .\WORLD\stats\5401edc1-f424-367b-b22e-e812e6c8b4da.json: Don't know what arsmagicalegacy:inscription_table is
[02сент.2025 01:13:11.389] [Server thread/WARN] [net.minecraft.stats.ServerStatsCounter/]: Invalid statistic in .\WORLD\stats\5401edc1-f424-367b-b22e-e812e6c8b4da.json: Don't know what arsmagicalegacy:deepslate_vinteum_ore is
[02сент.2025 01:13:11.389] [Server thread/WARN] [net.minecraft.stats.ServerStatsCounter/]: Invalid statistic in .\WORLD\stats\5401edc1-f424-367b-b22e-e812e6c8b4da.json: Don't know what arsmagicalegacy:vinteum_ore is
[02сент.2025 01:13:11.390] [Server thread/WARN] [net.minecraft.stats.ServerStatsCounter/]: Invalid statistic in .\WORLD\stats\5401edc1-f424-367b-b22e-e812e6c8b4da.json: Don't know what arsmagicalegacy:deepslate_topaz_ore is
[02сент.2025 01:13:11.390] [Server thread/WARN] [net.minecraft.stats.ServerStatsCounter/]: Invalid statistic in .\WORLD\stats\5401edc1-f424-367b-b22e-e812e6c8b4da.json: Don't know what arsmagicalegacy:vinteum_dust is
[02сент.2025 01:13:11.390] [Server thread/WARN] [net.minecraft.stats.ServerStatsCounter/]: Invalid statistic in .\WORLD\stats\5401edc1-f424-367b-b22e-e812e6c8b4da.json: Don't know what arsmagicalegacy:topaz is
[02сент.2025 01:13:11.475] [Server thread/WARN] [net.minecraft.server.PlayerAdvancements/]: Ignored advancement 'arsmagicalegacy:book/root' in progress file .\WORLD\advancements\5401edc1-f424-367b-b22e-e812e6c8b4da.json - it doesn't exist anymore?
[02сент.2025 01:13:11.476] [Server thread/WARN] [net.minecraft.server.PlayerAdvancements/]: Ignored advancement 'arsmagicalegacy:recipes/arsmagicalegacy/blank_rune' in progress file .\WORLD\advancements\5401edc1-f424-367b-b22e-e812e6c8b4da.json - it doesn't exist anymore?
[02сент.2025 01:13:11.477] [Server thread/WARN] [net.minecraft.server.PlayerAdvancements/]: Ignored advancement 'arsmagicalegacy:recipes/arsmagicalegacy/altar_core' in progress file .\WORLD\advancements\5401edc1-f424-367b-b22e-e812e6c8b4da.json - it doesn't exist anymore?
[02сент.2025 01:13:11.477] [Server thread/WARN] [net.minecraft.server.PlayerAdvancements/]: Ignored advancement 'arsmagicalegacy:recipes/arsmagicalegacy/vinteum_torch' in progress file .\WORLD\advancements\5401edc1-f424-367b-b22e-e812e6c8b4da.json - it doesn't exist anymore?
[02сент.2025 01:13:11.477] [Server thread/WARN] [net.minecraft.server.PlayerAdvancements/]: Ignored advancement 'arsmagicalegacy:recipes/arsmagicalegacy/wizards_chalk' in progress file .\WORLD\advancements\5401edc1-f424-367b-b22e-e812e6c8b4da.json - it doesn't exist anymore?
[02сент.2025 01:13:11.477] [Server thread/WARN] [net.minecraft.server.PlayerAdvancements/]: Ignored advancement 'arsmagicalegacy:recipes/arsmagicalegacy/purified_vinteum_dust' in progress file .\WORLD\advancements\5401edc1-f424-367b-b22e-e812e6c8b4da.json - it doesn't exist anymore?
[02сент.2025 01:13:11.478] [Server thread/WARN] [net.minecraft.server.PlayerAdvancements/]: Ignored advancement 'arsmagicalegacy:recipes/arsmagicalegacy/magic_wall' in progress file .\WORLD\advancements\5401edc1-f424-367b-b22e-e812e6c8b4da.json - it doesn't exist anymore?
[02сент.2025 01:13:11.478] [Server thread/WARN] [net.minecraft.server.PlayerAdvancements/]: Ignored advancement 'arsmagicalegacy:recipes/arsmagicalegacy/vinteum_block' in progress file .\WORLD\advancements\5401edc1-f424-367b-b22e-e812e6c8b4da.json - it doesn't exist anymore?
[02сент.2025 01:13:11.478] [Server thread/WARN] [net.minecraft.server.PlayerAdvancements/]: Ignored advancement 'arsmagicalegacy:recipes/arsmagicalegacy/obelisk' in progress file .\WORLD\advancements\5401edc1-f424-367b-b22e-e812e6c8b4da.json - it doesn't exist anymore?
[02сент.2025 01:13:11.480] [Server thread/WARN] [net.minecraft.server.PlayerAdvancements/]: Ignored advancement 'arsmagicalegacy:recipes/misc/arcane_compendium' in progress file .\WORLD\advancements\5401edc1-f424-367b-b22e-e812e6c8b4da.json - it doesn't exist anymore?
[02сент.2025 01:13:11.482] [Server thread/WARN] [net.minecraft.server.PlayerAdvancements/]: Ignored advancement 'arsmagicalegacy:recipes/arsmagicalegacy/chimerite_block' in progress file .\WORLD\advancements\5401edc1-f424-367b-b22e-e812e6c8b4da.json - it doesn't exist anymore?
[02сент.2025 01:13:11.483] [Server thread/WARN] [net.minecraft.server.PlayerAdvancements/]: Ignored advancement 'arsmagicalegacy:recipes/arsmagicalegacy/spell_parchment' in progress file .\WORLD\advancements\5401edc1-f424-367b-b22e-e812e6c8b4da.json - it doesn't exist anymore?
[02сент.2025 01:13:11.484] [Server thread/WARN] [net.minecraft.server.PlayerAdvancements/]: Ignored advancement 'arsmagicalegacy:recipes/arsmagicalegacy/spell_book' in progress file .\WORLD\advancements\5401edc1-f424-367b-b22e-e812e6c8b4da.json - it doesn't exist anymore?
[02сент.2025 01:13:11.484] [Server thread/WARN] [net.minecraft.server.PlayerAdvancements/]: Ignored advancement 'arsmagicalegacy:recipes/arsmagicalegacy/inscription_table_upgrade_tier_2' in progress file .\WORLD\advancements\5401edc1-f424-367b-b22e-e812e6c8b4da.json - it doesn't exist anymore?
[02сент.2025 01:13:11.485] [Server thread/WARN] [net.minecraft.server.PlayerAdvancements/]: Ignored advancement 'arsmagicalegacy:recipes/arsmagicalegacy/inscription_table_upgrade_tier_1' in progress file .\WORLD\advancements\5401edc1-f424-367b-b22e-e812e6c8b4da.json - it doesn't exist anymore?
[02сент.2025 01:13:11.485] [Server thread/WARN] [net.minecraft.server.PlayerAdvancements/]: Ignored advancement 'arsmagicalegacy:recipes/arsmagicalegacy/inscription_table_upgrade_tier_3' in progress file .\WORLD\advancements\5401edc1-f424-367b-b22e-e812e6c8b4da.json - it doesn't exist anymore?
[02сент.2025 01:13:11.485] [Server thread/WARN] [net.minecraft.server.PlayerAdvancements/]: Ignored advancement 'arsmagicalegacy:recipes/arsmagicalegacy/moonstone_block' in progress file .\WORLD\advancements\5401edc1-f424-367b-b22e-e812e6c8b4da.json - it doesn't exist anymore?
[02сент.2025 01:13:11.487] [Server thread/WARN] [net.minecraft.server.PlayerAdvancements/]: Ignored advancement 'arsmagicalegacy:recipes/arsmagicalegacy/vinteum_dust' in progress file .\WORLD\advancements\5401edc1-f424-367b-b22e-e812e6c8b4da.json - it doesn't exist anymore?
[02сент.2025 01:13:11.487] [Server thread/WARN] [net.minecraft.server.PlayerAdvancements/]: Ignored advancement 'arsmagicalegacy:recipes/arsmagicalegacy/arcane_compound' in progress file .\WORLD\advancements\5401edc1-f424-367b-b22e-e812e6c8b4da.json - it doesn't exist anymore?
[02сент.2025 01:13:11.488] [Server thread/WARN] [net.minecraft.server.PlayerAdvancements/]: Ignored advancement 'arsmagicalegacy:recipes/arsmagicalegacy/occulus' in progress file .\WORLD\advancements\5401edc1-f424-367b-b22e-e812e6c8b4da.json - it doesn't exist anymore?
[02сент.2025 01:13:11.488] [Server thread/WARN] [net.minecraft.server.PlayerAdvancements/]: Ignored advancement 'arsmagicalegacy:recipes/arsmagicalegacy/topaz_block' in progress file .\WORLD\advancements\5401edc1-f424-367b-b22e-e812e6c8b4da.json - it doesn't exist anymore?
[02сент.2025 01:13:11.488] [Server thread/WARN] [net.minecraft.server.PlayerAdvancements/]: Ignored advancement 'arsmagicalegacy:recipes/arsmagicalegacy/crystal_wrench' in progress file .\WORLD\advancements\5401edc1-f424-367b-b22e-e812e6c8b4da.json - it doesn't exist anymore?
[02сент.2025 01:13:11.488] [Server thread/WARN] [net.minecraft.server.PlayerAdvancements/]: Ignored advancement 'arsmagicalegacy:recipes/arsmagicalegacy/magitech_goggles' in progress file .\WORLD\advancements\5401edc1-f424-367b-b22e-e812e6c8b4da.json - it doesn't exist anymore?
[02сент.2025 01:13:11.491] [Server thread/WARN] [net.minecraft.server.PlayerAdvancements/]: Ignored advancement 'arsmagicalegacy:recipes/arsmagicalegacy/witchwood' in progress file .\WORLD\advancements\5401edc1-f424-367b-b22e-e812e6c8b4da.json - it doesn't exist anymore?
[02сент.2025 01:13:11.491] [Server thread/WARN] [net.minecraft.server.PlayerAdvancements/]: Ignored advancement 'arsmagicalegacy:recipes/arsmagicalegacy/witchwood_planks' in progress file .\WORLD\advancements\5401edc1-f424-367b-b22e-e812e6c8b4da.json - it doesn't exist anymore?
[02сент.2025 01:13:11.492] [Server thread/WARN] [net.minecraft.server.PlayerAdvancements/]: Ignored advancement 'arsmagicalegacy:recipes/arsmagicalegacy/chimerite_from_smelting_deepslate_chimerite_ore' in progress file .\WORLD\advancements\5401edc1-f424-367b-b22e-e812e6c8b4da.json - it doesn't exist anymore?
[02сент.2025 01:13:11.492] [Server thread/WARN] [net.minecraft.server.PlayerAdvancements/]: Ignored advancement 'arsmagicalegacy:recipes/arsmagicalegacy/chimerite_from_blasting_deepslate_chimerite_ore' in progress file .\WORLD\advancements\5401edc1-f424-367b-b22e-e812e6c8b4da.json - it doesn't exist anymore?
[02сент.2025 01:13:11.492] [Server thread/WARN] [net.minecraft.server.PlayerAdvancements/]: Ignored advancement 'arsmagicalegacy:recipes/arsmagicalegacy/sunstone_block' in progress file .\WORLD\advancements\5401edc1-f424-367b-b22e-e812e6c8b4da.json - it doesn't exist anymore?
[02сент.2025 01:13:11.493] [Server thread/WARN] [net.minecraft.server.PlayerAdvancements/]: Ignored advancement 'arsmagicalegacy:recipes/misc/pink_dye' in progress file .\WORLD\advancements\5401edc1-f424-367b-b22e-e812e6c8b4da.json - it doesn't exist anymore?
[02сент.2025 01:13:11.493] [Server thread/WARN] [net.minecraft.server.PlayerAdvancements/]: Ignored advancement 'arsmagicalegacy:recipes/misc/brown_dye' in progress file .\WORLD\advancements\5401edc1-f424-367b-b22e-e812e6c8b4da.json - it doesn't exist anymore?
[02сент.2025 01:13:11.494] [Server thread/WARN] [net.minecraft.server.PlayerAdvancements/]: Ignored advancement 'arsmagicalegacy:recipes/arsmagicalegacy/vinteum_dust_from_blasting_vinteum_ore' in progress file .\WORLD\advancements\5401edc1-f424-367b-b22e-e812e6c8b4da.json - it doesn't exist anymore?
[02сент.2025 01:13:11.494] [Server thread/WARN] [net.minecraft.server.PlayerAdvancements/]: Ignored advancement 'arsmagicalegacy:recipes/arsmagicalegacy/vinteum_dust_from_smelting_vinteum_ore' in progress file .\WORLD\advancements\5401edc1-f424-367b-b22e-e812e6c8b4da.json - it doesn't exist anymore?
[02сент.2025 01:13:11.494] [Server thread/WARN] [net.minecraft.server.PlayerAdvancements/]: Ignored advancement 'arsmagicalegacy:recipes/arsmagicalegacy/topaz' in progress file .\WORLD\advancements\5401edc1-f424-367b-b22e-e812e6c8b4da.json - it doesn't exist anymore?
[02сент.2025 01:13:11.494] [Server thread/WARN] [net.minecraft.server.PlayerAdvancements/]: Ignored advancement 'arsmagicalegacy:recipes/misc/red_dye' in progress file .\WORLD\advancements\5401edc1-f424-367b-b22e-e812e6c8b4da.json - it doesn't exist anymore?
[02сент.2025 01:13:11.494] [Server thread/WARN] [net.minecraft.server.PlayerAdvancements/]: Ignored advancement 'arsmagicalegacy:recipes/arsmagicalegacy/chimerite_from_blasting_chimerite_ore' in progress file .\WORLD\advancements\5401edc1-f424-367b-b22e-e812e6c8b4da.json - it doesn't exist anymore?
[02сент.2025 01:13:11.494] [Server thread/WARN] [net.minecraft.server.PlayerAdvancements/]: Ignored advancement 'arsmagicalegacy:recipes/arsmagicalegacy/chimerite_from_smelting_chimerite_ore' in progress file .\WORLD\advancements\5401edc1-f424-367b-b22e-e812e6c8b4da.json - it doesn't exist anymore?
[02сент.2025 01:13:11.495] [Server thread/WARN] [net.minecraft.server.PlayerAdvancements/]: Ignored advancement 'arsmagicalegacy:recipes/arsmagicalegacy/chimerite' in progress file .\WORLD\advancements\5401edc1-f424-367b-b22e-e812e6c8b4da.json - it doesn't exist anymore?
[02сент.2025 01:13:11.495] [Server thread/WARN] [net.minecraft.server.PlayerAdvancements/]: Ignored advancement 'arsmagicalegacy:recipes/arsmagicalegacy/topaz_from_smelting_deepslate_topaz_ore' in progress file .\WORLD\advancements\5401edc1-f424-367b-b22e-e812e6c8b4da.json - it doesn't exist anymore?
[02сент.2025 01:13:11.495] [Server thread/WARN] [net.minecraft.server.PlayerAdvancements/]: Ignored advancement 'arsmagicalegacy:recipes/arsmagicalegacy/topaz_from_blasting_deepslate_topaz_ore' in progress file .\WORLD\advancements\5401edc1-f424-367b-b22e-e812e6c8b4da.json - it doesn't exist anymore?
[02сент.2025 01:13:11.495] [Server thread/WARN] [net.minecraft.server.PlayerAdvancements/]: Ignored advancement 'arsmagicalegacy:recipes/arsmagicalegacy/vinteum_dust_from_smelting_deepslate_vinteum_ore' in progress file .\WORLD\advancements\5401edc1-f424-367b-b22e-e812e6c8b4da.json - it doesn't exist anymore?
[02сент.2025 01:13:11.495] [Server thread/WARN] [net.minecraft.server.PlayerAdvancements/]: Ignored advancement 'arsmagicalegacy:recipes/arsmagicalegacy/vinteum_dust_from_blasting_deepslate_vinteum_ore' in progress file .\WORLD\advancements\5401edc1-f424-367b-b22e-e812e6c8b4da.json - it doesn't exist anymore?
[02сент.2025 01:13:11.497] [Server thread/WARN] [net.minecraft.server.PlayerAdvancements/]: Ignored advancement 'arsmagicalegacy:recipes/arsmagicalegacy/rune_bag' in progress file .\WORLD\advancements\5401edc1-f424-367b-b22e-e812e6c8b4da.json - it doesn't exist anymore?
[02сент.2025 01:13:11.497] [Server thread/WARN] [net.minecraft.server.PlayerAdvancements/]: Ignored advancement 'arsmagicalegacy:recipes/misc/magenta_dye' in progress file .\WORLD\advancements\5401edc1-f424-367b-b22e-e812e6c8b4da.json - it doesn't exist anymore?
[02сент.2025 01:13:11.497] [Server thread/WARN] [net.minecraft.server.PlayerAdvancements/]: Ignored advancement 'arsmagicalegacy:recipes/arsmagicalegacy/arcane_ash' in progress file .\WORLD\advancements\5401edc1-f424-367b-b22e-e812e6c8b4da.json - it doesn't exist anymore?
[02сент.2025 01:13:11.498] [Server thread/WARN] [net.minecraft.server.PlayerAdvancements/]: Ignored advancement 'arsmagicalegacy:recipes/arsmagicalegacy/affinity_essence_arcane' in progress file .\WORLD\advancements\5401edc1-f424-367b-b22e-e812e6c8b4da.json - it doesn't exist anymore?
[02сент.2025 01:13:11.498] [Server thread/WARN] [net.minecraft.server.PlayerAdvancements/]: Ignored advancement 'arsmagicalegacy:recipes/arsmagicalegacy/affinity_essence_water' in progress file .\WORLD\advancements\5401edc1-f424-367b-b22e-e812e6c8b4da.json - it doesn't exist anymore?
[02сент.2025 01:13:11.498] [Server thread/WARN] [net.minecraft.server.PlayerAdvancements/]: Ignored advancement 'arsmagicalegacy:recipes/arsmagicalegacy/affinity_essence_earth' in progress file .\WORLD\advancements\5401edc1-f424-367b-b22e-e812e6c8b4da.json - it doesn't exist anymore?
[02сент.2025 01:13:11.498] [Server thread/WARN] [net.minecraft.server.PlayerAdvancements/]: Ignored advancement 'arsmagicalegacy:recipes/arsmagicalegacy/affinity_essence_life' in progress file .\WORLD\advancements\5401edc1-f424-367b-b22e-e812e6c8b4da.json - it doesn't exist anymore?
[02сент.2025 01:13:11.499] [Server thread/WARN] [net.minecraft.server.PlayerAdvancements/]: Ignored advancement 'arsmagicalegacy:recipes/arsmagicalegacy/affinity_essence_ice' in progress file .\WORLD\advancements\5401edc1-f424-367b-b22e-e812e6c8b4da.json - it doesn't exist anymore?
[02сент.2025 01:13:11.499] [Server thread/WARN] [net.minecraft.server.PlayerAdvancements/]: Ignored advancement 'arsmagicalegacy:recipes/arsmagicalegacy/affinity_essence_air' in progress file .\WORLD\advancements\5401edc1-f424-367b-b22e-e812e6c8b4da.json - it doesn't exist anymore?
[02сент.2025 01:13:11.499] [Server thread/WARN] [net.minecraft.server.PlayerAdvancements/]: Ignored advancement 'arsmagicalegacy:recipes/arsmagicalegacy/affinity_essence_nature' in progress file .\WORLD\advancements\5401edc1-f424-367b-b22e-e812e6c8b4da.json - it doesn't exist anymore?
[02сент.2025 01:13:11.499] [Server thread/WARN] [net.minecraft.server.PlayerAdvancements/]: Ignored advancement 'arsmagicalegacy:recipes/arsmagicalegacy/affinity_essence_fire' in progress file .\WORLD\advancements\5401edc1-f424-367b-b22e-e812e6c8b4da.json - it doesn't exist anymore?
[02сент.2025 01:13:11.499] [Server thread/WARN] [net.minecraft.server.PlayerAdvancements/]: Ignored advancement 'arsmagicalegacy:recipes/arsmagicalegacy/affinity_essence_ender' in progress file .\WORLD\advancements\5401edc1-f424-367b-b22e-e812e6c8b4da.json - it doesn't exist anymore?
[02сент.2025 01:13:11.499] [Server thread/WARN] [net.minecraft.server.PlayerAdvancements/]: Ignored advancement 'arsmagicalegacy:recipes/arsmagicalegacy/affinity_essence_lightning' in progress file .\WORLD\advancements\5401edc1-f424-367b-b22e-e812e6c8b4da.json - it doesn't exist anymore?
[02сент.2025 01:13:11.500] [Server thread/WARN] [net.minecraft.server.PlayerAdvancements/]: Ignored advancement 'arsmagicalegacy:recipes/arsmagicalegacy/mana_cake' in progress file .\WORLD\advancements\5401edc1-f424-367b-b22e-e812e6c8b4da.json - it doesn't exist anymore?
[02сент.2025 01:13:11.500] [Server thread/WARN] [net.minecraft.server.PlayerAdvancements/]: Ignored advancement 'arsmagicalegacy:recipes/misc/blue_dye' in progress file .\WORLD\advancements\5401edc1-f424-367b-b22e-e812e6c8b4da.json - it doesn't exist anymore?
[02сент.2025 01:13:11.501] [Server thread/WARN] [net.minecraft.server.PlayerAdvancements/]: Ignored advancement 'arsmagicalegacy:recipes/arsmagicalegacy/mana_martini' in progress file .\WORLD\advancements\5401edc1-f424-367b-b22e-e812e6c8b4da.json - it doesn't exist anymore?
[02сент.2025 01:13:11.502] [Server thread/WARN] [net.minecraft.server.PlayerAdvancements/]: Ignored advancement 'ic2:round_robin_recipe_advancement' in progress file .\WORLD\advancements\5401edc1-f424-367b-b22e-e812e6c8b4da.json - it doesn't exist anymore?
[02сент.2025 01:13:11.502] [Server thread/WARN] [net.minecraft.server.PlayerAdvancements/]: Ignored advancement 'ic2:insertion_tube_recipe_advancement' in progress file .\WORLD\advancements\5401edc1-f424-367b-b22e-e812e6c8b4da.json - it doesn't exist anymore?
[02сент.2025 01:13:11.502] [Server thread/WARN] [net.minecraft.server.PlayerAdvancements/]: Ignored advancement 'ic2:extraction_tube_recipe_advancement' in progress file .\WORLD\advancements\5401edc1-f424-367b-b22e-e812e6c8b4da.json - it doesn't exist anymore?
[02сент.2025 01:13:11.502] [Server thread/WARN] [net.minecraft.server.PlayerAdvancements/]: Ignored advancement 'ic2:redstone_tube_recipe_advancement' in progress file .\WORLD\advancements\5401edc1-f424-367b-b22e-e812e6c8b4da.json - it doesn't exist anymore?
[02сент.2025 01:13:11.502] [Server thread/WARN] [net.minecraft.server.PlayerAdvancements/]: Ignored advancement 'ic2:glass_fiber_0_recipe_advancement' in progress file .\WORLD\advancements\5401edc1-f424-367b-b22e-e812e6c8b4da.json - it doesn't exist anymore?
[02сент.2025 01:13:11.502] [Server thread/WARN] [net.minecraft.server.PlayerAdvancements/]: Ignored advancement 'ic2:void_tube_recipe_advancement' in progress file .\WORLD\advancements\5401edc1-f424-367b-b22e-e812e6c8b4da.json - it doesn't exist anymore?
[02сент.2025 01:13:11.502] [Server thread/WARN] [net.minecraft.server.PlayerAdvancements/]: Ignored advancement 'ic2:glass_fiber_1_recipe_advancement' in progress file .\WORLD\advancements\5401edc1-f424-367b-b22e-e812e6c8b4da.json - it doesn't exist anymore?
[02сент.2025 01:13:11.503] [Server thread/WARN] [net.minecraft.server.PlayerAdvancements/]: Ignored advancement 'ic2:pickup_tube_recipe_advancement' in progress file .\WORLD\advancements\5401edc1-f424-367b-b22e-e812e6c8b4da.json - it doesn't exist anymore?
[02сент.2025 01:13:11.503] [Server thread/WARN] [net.minecraft.server.PlayerAdvancements/]: Ignored advancement 'ic2:filtered_extraction_tube_recipe_advancement' in progress file .\WORLD\advancements\5401edc1-f424-367b-b22e-e812e6c8b4da.json - it doesn't exist anymore?
[02сент.2025 01:13:11.503] [Server thread/WARN] [net.minecraft.server.PlayerAdvancements/]: Ignored advancement 'ic2:dyeing_tube_recipe_advancement' in progress file .\WORLD\advancements\5401edc1-f424-367b-b22e-e812e6c8b4da.json - it doesn't exist anymore?
[02сент.2025 01:13:11.503] [Server thread/WARN] [net.minecraft.server.PlayerAdvancements/]: Ignored advancement 'ic2:hover_tube_recipe_advancement' in progress file .\WORLD\advancements\5401edc1-f424-367b-b22e-e812e6c8b4da.json - it doesn't exist anymore?
[02сент.2025 01:13:11.503] [Server thread/WARN] [net.minecraft.server.PlayerAdvancements/]: Ignored advancement 'ic2:fluid_tube_recipe_advancement' in progress file .\WORLD\advancements\5401edc1-f424-367b-b22e-e812e6c8b4da.json - it doesn't exist anymore?
[02сент.2025 01:13:11.503] [Server thread/WARN] [net.minecraft.server.PlayerAdvancements/]: Ignored advancement 'ic2:speed_tube_recipe_advancement' in progress file .\WORLD\advancements\5401edc1-f424-367b-b22e-e812e6c8b4da.json - it doesn't exist anymore?
[02сент.2025 01:13:11.504] [Server thread/WARN] [net.minecraft.server.PlayerAdvancements/]: Ignored advancement 'ic2:unconnecting_tube_recipe_advancement' in progress file .\WORLD\advancements\5401edc1-f424-367b-b22e-e812e6c8b4da.json - it doesn't exist anymore?
[02сент.2025 01:13:11.504] [Server thread/WARN] [net.minecraft.server.PlayerAdvancements/]: Ignored advancement 'ic2:directional_tube_recipe_advancement' in progress file .\WORLD\advancements\5401edc1-f424-367b-b22e-e812e6c8b4da.json - it doesn't exist anymore?
[02сент.2025 01:13:11.504] [Server thread/WARN] [net.minecraft.server.PlayerAdvancements/]: Ignored advancement 'ic2:filter_tube_recipe_advancement' in progress file .\WORLD\advancements\5401edc1-f424-367b-b22e-e812e6c8b4da.json - it doesn't exist anymore?
[02сент.2025 01:13:11.504] [Server thread/WARN] [net.minecraft.server.PlayerAdvancements/]: Ignored advancement 'ic2:switch_tube_recipe_advancement' in progress file .\WORLD\advancements\5401edc1-f424-367b-b22e-e812e6c8b4da.json - it doesn't exist anymore?
[02сент.2025 01:13:11.504] [Server thread/WARN] [net.minecraft.server.PlayerAdvancements/]: Ignored advancement 'ic2:barrel_0_recipe_advancement' in progress file .\WORLD\advancements\5401edc1-f424-367b-b22e-e812e6c8b4da.json - it doesn't exist anymore?
[02сент.2025 01:13:11.504] [Server thread/WARN] [net.minecraft.server.PlayerAdvancements/]: Ignored advancement 'ic2:simple_tube_recipe_advancement' in progress file .\WORLD\advancements\5401edc1-f424-367b-b22e-e812e6c8b4da.json - it doesn't exist anymore?
[02сент.2025 01:13:11.505] [Server thread/WARN] [net.minecraft.server.PlayerAdvancements/]: Ignored advancement 'ic2:dropping_tube_recipe_advancement' in progress file .\WORLD\advancements\5401edc1-f424-367b-b22e-e812e6c8b4da.json - it doesn't exist anymore?
[02сент.2025 01:13:11.505] [Server thread/WARN] [net.minecraft.server.PlayerAdvancements/]: Ignored advancement 'ic2:barrel_1_recipe_advancement' in progress file .\WORLD\advancements\5401edc1-f424-367b-b22e-e812e6c8b4da.json - it doesn't exist anymore?
[02сент.2025 01:13:11.505] [Server thread/WARN] [net.minecraft.server.PlayerAdvancements/]: Ignored advancement 'ic2:coal_chunk_1_recipe_advancement' in progress file .\WORLD\advancements\5401edc1-f424-367b-b22e-e812e6c8b4da.json - it doesn't exist anymore?
[02сент.2025 01:13:11.505] [Server thread/WARN] [net.minecraft.server.PlayerAdvancements/]: Ignored advancement 'ic2:rare_earth_chunk_recipe_advancement' in progress file .\WORLD\advancements\5401edc1-f424-367b-b22e-e812e6c8b4da.json - it doesn't exist anymore?
[02сент.2025 01:13:11.505] [Server thread/WARN] [net.minecraft.server.PlayerAdvancements/]: Ignored advancement 'ic2:stacking_tube_recipe_advancement' in progress file .\WORLD\advancements\5401edc1-f424-367b-b22e-e812e6c8b4da.json - it doesn't exist anymore?
[02сент.2025 01:13:11.505] [Server thread/WARN] [net.minecraft.server.PlayerAdvancements/]: Ignored advancement 'ic2:circuit_0_recipe_advancement' in progress file .\WORLD\advancements\5401edc1-f424-367b-b22e-e812e6c8b4da.json - it doesn't exist anymore?
[02сент.2025 01:13:11.505] [Server thread/WARN] [net.minecraft.server.PlayerAdvancements/]: Ignored advancement 'ic2:circuit_1_recipe_advancement' in progress file .\WORLD\advancements\5401edc1-f424-367b-b22e-e812e6c8b4da.json - it doesn't exist anymore?
[02сент.2025 01:13:11.506] [Server thread/WARN] [net.minecraft.server.PlayerAdvancements/]: Ignored advancement 'ic2:plasma_core_recipe_advancement' in progress file .\WORLD\advancements\5401edc1-f424-367b-b22e-e812e6c8b4da.json - it doesn't exist anymore?
[02сент.2025 01:13:11.506] [Server thread/WARN] [net.minecraft.server.PlayerAdvancements/]: Ignored advancement 'ic2:iridium_plate_recipe_advancement' in progress file .\WORLD\advancements\5401edc1-f424-367b-b22e-e812e6c8b4da.json - it doesn't exist anymore?
[02сент.2025 01:13:11.506] [Server thread/WARN] [net.minecraft.server.PlayerAdvancements/]: Ignored advancement 'ic2:rubberwood_fence_gate_recipe_advancement' in progress file .\WORLD\advancements\5401edc1-f424-367b-b22e-e812e6c8b4da.json - it doesn't exist anymore?
[02сент.2025 01:13:11.506] [Server thread/WARN] [net.minecraft.server.PlayerAdvancements/]: Ignored advancement 'ic2:rubberwood_sign_recipe_advancement' in progress file .\WORLD\advancements\5401edc1-f424-367b-b22e-e812e6c8b4da.json - it doesn't exist anymore?
[02сент.2025 01:13:11.506] [Server thread/WARN] [net.minecraft.server.PlayerAdvancements/]: Ignored advancement 'ic2:rubberwood_fence_recipe_advancement' in progress file .\WORLD\advancements\5401edc1-f424-367b-b22e-e812e6c8b4da.json - it doesn't exist anymore?
[02сент.2025 01:13:11.506] [Server thread/WARN] [net.minecraft.server.PlayerAdvancements/]: Ignored advancement 'ic2:rubberwood_planks_recipe_advancement' in progress file .\WORLD\advancements\5401edc1-f424-367b-b22e-e812e6c8b4da.json - it doesn't exist anymore?
[02сент.2025 01:13:11.506] [Server thread/WARN] [net.minecraft.server.PlayerAdvancements/]: Ignored advancement 'ic2:rubberwood_log_bark_recipe_advancement' in progress file .\WORLD\advancements\5401edc1-f424-367b-b22e-e812e6c8b4da.json - it doesn't exist anymore?
[02сент.2025 01:13:11.507] [Server thread/WARN] [net.minecraft.server.PlayerAdvancements/]: Ignored advancement 'ic2:insulated_bronze_cable_0_recipe_advancement' in progress file .\WORLD\advancements\5401edc1-f424-367b-b22e-e812e6c8b4da.json - it doesn't exist anymore?
[02сент.2025 01:13:11.507] [Server thread/WARN] [net.minecraft.server.PlayerAdvancements/]: Ignored advancement 'ic2:2x_insulated_iron_cable_0_recipe_advancement' in progress file .\WORLD\advancements\5401edc1-f424-367b-b22e-e812e6c8b4da.json - it doesn't exist anymore?
[02сент.2025 01:13:11.507] [Server thread/WARN] [net.minecraft.server.PlayerAdvancements/]: Ignored advancement 'ic2:insulated_bronze_cable_2_recipe_advancement' in progress file .\WORLD\advancements\5401edc1-f424-367b-b22e-e812e6c8b4da.json - it doesn't exist anymore?
[02сент.2025 01:13:11.507] [Server thread/WARN] [net.minecraft.server.PlayerAdvancements/]: Ignored advancement 'ic2:8x_insulated_iron_cable_4x_recipe_advancement' in progress file .\WORLD\advancements\5401edc1-f424-367b-b22e-e812e6c8b4da.json - it doesn't exist anymore?
[02сент.2025 01:13:11.508] [Server thread/WARN] [net.minecraft.server.PlayerAdvancements/]: Ignored advancement 'ic2:2x_insulated_gold_cable_2_recipe_advancement' in progress file .\WORLD\advancements\5401edc1-f424-367b-b22e-e812e6c8b4da.json - it doesn't exist anymore?
[02сент.2025 01:13:11.508] [Server thread/WARN] [net.minecraft.server.PlayerAdvancements/]: Ignored advancement 'ic2:insulated_iron_cable_1_recipe_advancement' in progress file .\WORLD\advancements\5401edc1-f424-367b-b22e-e812e6c8b4da.json - it doesn't exist anymore?
[02сент.2025 01:13:11.508] [Server thread/WARN] [net.minecraft.server.PlayerAdvancements/]: Ignored advancement 'ic2:insulated_copper_cable_2_recipe_advancement' in progress file .\WORLD\advancements\5401edc1-f424-367b-b22e-e812e6c8b4da.json - it doesn't exist anymore?
[02сент.2025 01:13:11.508] [Server thread/WARN] [net.minecraft.server.PlayerAdvancements/]: Ignored advancement 'ic2:insulated_copper_cable_1_recipe_advancement' in progress file .\WORLD\advancements\5401edc1-f424-367b-b22e-e812e6c8b4da.json - it doesn't exist anymore?
[02сент.2025 01:13:11.508] [Server thread/WARN] [net.minecraft.server.PlayerAdvancements/]: Ignored advancement 'ic2:2x_insulated_gold_cable_0_recipe_advancement' in progress file .\WORLD\advancements\5401edc1-f424-367b-b22e-e812e6c8b4da.json - it doesn't exist anymore?
[02сент.2025 01:13:11.508] [Server thread/WARN] [net.minecraft.server.PlayerAdvancements/]: Ignored advancement 'ic2:2x_insulated_iron_cable_2x_recipe_advancement' in progress file .\WORLD\advancements\5401edc1-f424-367b-b22e-e812e6c8b4da.json - it doesn't exist anymore?
[02сент.2025 01:13:11.509] [Server thread/WARN] [net.minecraft.server.PlayerAdvancements/]: Ignored advancement 'ic2:4x_insulated_iron_cable_2x_recipe_advancement' in progress file .\WORLD\advancements\5401edc1-f424-367b-b22e-e812e6c8b4da.json - it doesn't exist anymore?
[02сент.2025 01:13:11.509] [Server thread/WARN] [net.minecraft.server.PlayerAdvancements/]: Ignored advancement 'ic2:1x_insulated_iron_cable_1x_recipe_advancement' in progress file .\WORLD\advancements\5401edc1-f424-367b-b22e-e812e6c8b4da.json - it doesn't exist anymore?
[02сент.2025 01:13:11.509] [Server thread/WARN] [net.minecraft.server.PlayerAdvancements/]: Ignored advancement 'ic2:4x_insulated_iron_cable_3x_recipe_advancement' in progress file .\WORLD\advancements\5401edc1-f424-367b-b22e-e812e6c8b4da.json - it doesn't exist anymore?
[02сент.2025 01:13:11.509] [Server thread/WARN] [net.minecraft.server.PlayerAdvancements/]: Ignored advancement 'ic2:insulated_gold_cable_1_recipe_advancement' in progress file .\WORLD\advancements\5401edc1-f424-367b-b22e-e812e6c8b4da.json - it doesn't exist anymore?
[02сент.2025 01:13:11.509] [Server thread/WARN] [net.minecraft.server.PlayerAdvancements/]: Ignored advancement 'ic2:insulated_aluminum_cable_recipe_advancement' in progress file .\WORLD\advancements\5401edc1-f424-367b-b22e-e812e6c8b4da.json - it doesn't exist anymore?
[02сент.2025 01:13:11.509] [Server thread/WARN] [net.minecraft.server.PlayerAdvancements/]: Ignored advancement 'ic2:insulated_gold_cable_0_recipe_advancement' in progress file .\WORLD\advancements\5401edc1-f424-367b-b22e-e812e6c8b4da.json - it doesn't exist anymore?
[02сент.2025 01:13:11.510] [Server thread/WARN] [net.minecraft.server.PlayerAdvancements/]: Ignored advancement 'ic2:2x_insulated_iron_cable_1x_recipe_advancement' in progress file .\WORLD\advancements\5401edc1-f424-367b-b22e-e812e6c8b4da.json - it doesn't exist anymore?
[02сент.2025 01:13:11.510] [Server thread/WARN] [net.minecraft.server.PlayerAdvancements/]: Ignored advancement 'ic2:2x_insulated_aluminum_cable_recipe_advancement' in progress file .\WORLD\advancements\5401edc1-f424-367b-b22e-e812e6c8b4da.json - it doesn't exist anymore?
[02сент.2025 01:13:11.510] [Server thread/WARN] [net.minecraft.server.PlayerAdvancements/]: Ignored advancement 'ic2:insulated_bronze_cable_1_recipe_advancement' in progress file .\WORLD\advancements\5401edc1-f424-367b-b22e-e812e6c8b4da.json - it doesn't exist anymore?
[02сент.2025 01:13:11.510] [Server thread/WARN] [net.minecraft.server.PlayerAdvancements/]: Ignored advancement 'ic2:insulated_iron_cable_0_recipe_advancement' in progress file .\WORLD\advancements\5401edc1-f424-367b-b22e-e812e6c8b4da.json - it doesn't exist anymore?
[02сент.2025 01:13:11.510] [Server thread/WARN] [net.minecraft.server.PlayerAdvancements/]: Ignored advancement 'ic2:2x_insulated_iron_cable_1_recipe_advancement' in progress file .\WORLD\advancements\5401edc1-f424-367b-b22e-e812e6c8b4da.json - it doesn't exist anymore?
[02сент.2025 01:13:11.510] [Server thread/WARN] [net.minecraft.server.PlayerAdvancements/]: Ignored advancement 'ic2:2x_insulated_bronze_cable_3_recipe_advancement' in progress file .\WORLD\advancements\5401edc1-f424-367b-b22e-e812e6c8b4da.json - it doesn't exist anymore?
[02сент.2025 01:13:11.510] [Server thread/WARN] [net.minecraft.server.PlayerAdvancements/]: Ignored advancement 'ic2:2x_insulated_gold_cable_1_recipe_advancement' in progress file .\WORLD\advancements\5401edc1-f424-367b-b22e-e812e6c8b4da.json - it doesn't exist anymore?
[02сент.2025 01:13:11.511] [Server thread/WARN] [net.minecraft.server.PlayerAdvancements/]: Ignored advancement 'ic2:4x_insulated_iron_cable_1x_recipe_advancement' in progress file .\WORLD\advancements\5401edc1-f424-367b-b22e-e812e6c8b4da.json - it doesn't exist anymore?
[02сент.2025 01:13:11.511] [Server thread/WARN] [net.minecraft.server.PlayerAdvancements/]: Ignored advancement 'ic2:insulated_copper_cable_0_recipe_advancement' in progress file .\WORLD\advancements\5401edc1-f424-367b-b22e-e812e6c8b4da.json - it doesn't exist anymore?
[02сент.2025 01:13:11.511] [Server thread/WARN] [net.minecraft.server.PlayerAdvancements/]: Ignored advancement 'ic2:4x_insulated_iron_cable_2_recipe_advancement' in progress file .\WORLD\advancements\5401edc1-f424-367b-b22e-e812e6c8b4da.json - it doesn't exist anymore?
[02сент.2025 01:13:11.511] [Server thread/WARN] [net.minecraft.server.PlayerAdvancements/]: Ignored advancement 'ic2:4x_insulated_iron_cable_0_recipe_advancement' in progress file .\WORLD\advancements\5401edc1-f424-367b-b22e-e812e6c8b4da.json - it doesn't exist anymore?
[02сент.2025 01:13:11.511] [Server thread/WARN] [net.minecraft.server.PlayerAdvancements/]: Ignored advancement 'ic2:8x_insulated_iron_cable_3x_recipe_advancement' in progress file .\WORLD\advancements\5401edc1-f424-367b-b22e-e812e6c8b4da.json - it doesn't exist anymore?
[02сент.2025 01:13:11.511] [Server thread/WARN] [net.minecraft.server.PlayerAdvancements/]: Ignored advancement 'ic2:8x_insulated_iron_cable_2x_recipe_advancement' in progress file .\WORLD\advancements\5401edc1-f424-367b-b22e-e812e6c8b4da.json - it doesn't exist anymore?
[02сент.2025 01:13:11.512] [Server thread/WARN] [net.minecraft.server.PlayerAdvancements/]: Ignored advancement 'ic2:2x_insulated_iron_cable_2_recipe_advancement' in progress file .\WORLD\advancements\5401edc1-f424-367b-b22e-e812e6c8b4da.json - it doesn't exist anymore?
[02сент.2025 01:13:11.512] [Server thread/WARN] [net.minecraft.server.PlayerAdvancements/]: Ignored advancement 'ic2:2x_insulated_bronze_cable_0_recipe_advancement' in progress file .\WORLD\advancements\5401edc1-f424-367b-b22e-e812e6c8b4da.json - it doesn't exist anymore?
[02сент.2025 01:13:11.512] [Server thread/WARN] [net.minecraft.server.PlayerAdvancements/]: Ignored advancement 'ic2:4x_insulated_iron_cable_1_recipe_advancement' in progress file .\WORLD\advancements\5401edc1-f424-367b-b22e-e812e6c8b4da.json - it doesn't exist anymore?
[02сент.2025 01:13:11.512] [Server thread/WARN] [net.minecraft.server.PlayerAdvancements/]: Ignored advancement 'ic2:2x_insulated_bronze_cable_2_recipe_advancement' in progress file .\WORLD\advancements\5401edc1-f424-367b-b22e-e812e6c8b4da.json - it doesn't exist anymore?
[02сент.2025 01:13:11.512] [Server thread/WARN] [net.minecraft.server.PlayerAdvancements/]: Ignored advancement 'ic2:8x_insulated_iron_cable_1x_recipe_advancement' in progress file .\WORLD\advancements\5401edc1-f424-367b-b22e-e812e6c8b4da.json - it doesn't exist anymore?
[02сент.2025 01:13:11.512] [Server thread/WARN] [net.minecraft.server.PlayerAdvancements/]: Ignored advancement 'ic2:2x_insulated_bronze_cable_1_recipe_advancement' in progress file .\WORLD\advancements\5401edc1-f424-367b-b22e-e812e6c8b4da.json - it doesn't exist anymore?
[02сент.2025 01:13:11.512] [Server thread/WARN] [net.minecraft.server.PlayerAdvancements/]: Ignored advancement 'ic2:copper_cable_recipe_advancement' in progress file .\WORLD\advancements\5401edc1-f424-367b-b22e-e812e6c8b4da.json - it doesn't exist anymore?
[02сент.2025 01:13:11.513] [Server thread/WARN] [net.minecraft.server.PlayerAdvancements/]: Ignored advancement 'ic2:coal_chunk_0_recipe_advancement' in progress file .\WORLD\advancements\5401edc1-f424-367b-b22e-e812e6c8b4da.json - it doesn't exist anymore?
[02сент.2025 01:13:11.513] [Server thread/WARN] [net.minecraft.server.PlayerAdvancements/]: Ignored advancement 'ic2:void_pipe_recipe_advancement' in progress file .\WORLD\advancements\5401edc1-f424-367b-b22e-e812e6c8b4da.json - it doesn't exist anymore?
[02сент.2025 01:13:11.513] [Server thread/WARN] [net.minecraft.server.PlayerAdvancements/]: Ignored advancement 'ic2:extraction_tube_upgrade_recipe_advancement' in progress file .\WORLD\advancements\5401edc1-f424-367b-b22e-e812e6c8b4da.json - it doesn't exist anymore?
[02сент.2025 01:13:11.513] [Server thread/WARN] [net.minecraft.server.PlayerAdvancements/]: Ignored advancement 'ic2:filtered_extraction_tube_upgrade_recipe_advancement' in progress file .\WORLD\advancements\5401edc1-f424-367b-b22e-e812e6c8b4da.json - it doesn't exist anymore?
[02сент.2025 01:13:11.513] [Server thread/WARN] [net.minecraft.server.PlayerAdvancements/]: Ignored advancement 'ic2:coal_chunk_2_recipe_advancement' in progress file .\WORLD\advancements\5401edc1-f424-367b-b22e-e812e6c8b4da.json - it doesn't exist anymore?
[02сент.2025 01:13:11.513] [Server thread/WARN] [net.minecraft.server.PlayerAdvancements/]: Ignored advancement 'ic2:gold_cable_recipe_advancement' in progress file .\WORLD\advancements\5401edc1-f424-367b-b22e-e812e6c8b4da.json - it doesn't exist anymore?
[02сент.2025 01:13:11.514] [Server thread/WARN] [net.minecraft.server.PlayerAdvancements/]: Ignored advancement 'ic2:advanced_circuit_1_recipe_advancement' in progress file .\WORLD\advancements\5401edc1-f424-367b-b22e-e812e6c8b4da.json - it doesn't exist anymore?
[02сент.2025 01:13:11.514] [Server thread/WARN] [net.minecraft.server.PlayerAdvancements/]: Ignored advancement 'ic2:comparing_cable_recipe_advancement' in progress file .\WORLD\advancements\5401edc1-f424-367b-b22e-e812e6c8b4da.json - it doesn't exist anymore?
[02сент.2025 01:13:11.514] [Server thread/WARN] [net.minecraft.server.PlayerAdvancements/]: Ignored advancement 'ic2:detector_pipe_recipe_advancement' in progress file .\WORLD\advancements\5401edc1-f424-367b-b22e-e812e6c8b4da.json - it doesn't exist anymore?
[02сент.2025 01:13:11.514] [Server thread/WARN] [net.minecraft.server.PlayerAdvancements/]: Ignored advancement 'ic2:splitter_pipe_recipe_advancement' in progress file .\WORLD\advancements\5401edc1-f424-367b-b22e-e812e6c8b4da.json - it doesn't exist anymore?
[02сент.2025 01:13:11.514] [Server thread/WARN] [net.minecraft.server.PlayerAdvancements/]: Ignored advancement 'ic2:advanced_circuit_0_recipe_advancement' in progress file .\WORLD\advancements\5401edc1-f424-367b-b22e-e812e6c8b4da.json - it doesn't exist anymore?
[02сент.2025 01:13:11.514] [Server thread/WARN] [net.minecraft.server.PlayerAdvancements/]: Ignored advancement 'ic2:detector_cable_recipe_advancement' in progress file .\WORLD\advancements\5401edc1-f424-367b-b22e-e812e6c8b4da.json - it doesn't exist anymore?
[02сент.2025 01:13:11.514] [Server thread/WARN] [net.minecraft.server.PlayerAdvancements/]: Ignored advancement 'ic2:splitter_cable_recipe_advancement' in progress file .\WORLD\advancements\5401edc1-f424-367b-b22e-e812e6c8b4da.json - it doesn't exist anymore?
[02сент.2025 01:13:11.514] [Server thread/WARN] [net.minecraft.server.PlayerAdvancements/]: Ignored advancement 'ic2:coal_ball_recipe_advancement' in progress file .\WORLD\advancements\5401edc1-f424-367b-b22e-e812e6c8b4da.json - it doesn't exist anymore?
[02сент.2025 01:13:11.515] [Server thread/WARN] [net.minecraft.server.PlayerAdvancements/]: Ignored advancement 'ic2:scrap_metal_blade_recipe_advancement' in progress file .\WORLD\advancements\5401edc1-f424-367b-b22e-e812e6c8b4da.json - it doesn't exist anymore?
[02сент.2025 01:13:11.515] [Server thread/WARN] [net.minecraft.server.PlayerAdvancements/]: Ignored advancement 'ic2:raw_obsidian_blade_recipe_advancement' in progress file .\WORLD\advancements\5401edc1-f424-367b-b22e-e812e6c8b4da.json - it doesn't exist anymore?
[02сент.2025 01:13:11.515] [Server thread/WARN] [net.minecraft.server.PlayerAdvancements/]: Ignored advancement 'ic2:shulker_uum_recipe_advancement' in progress file .\WORLD\advancements\5401edc1-f424-367b-b22e-e812e6c8b4da.json - it doesn't exist anymore?
[02сент.2025 01:13:11.515] [Server thread/WARN] [net.minecraft.server.PlayerAdvancements/]: Ignored advancement 'ic2:emerald_uum_recipe_advancement' in progress file .\WORLD\advancements\5401edc1-f424-367b-b22e-e812e6c8b4da.json - it doesn't exist anymore?
[02сент.2025 01:13:11.515] [Server thread/WARN] [net.minecraft.server.PlayerAdvancements/]: Ignored advancement 'ic2:pipe_recipe_advancement' in progress file .\WORLD\advancements\5401edc1-f424-367b-b22e-e812e6c8b4da.json - it doesn't exist anymore?
[02сент.2025 01:13:11.515] [Server thread/WARN] [net.minecraft.server.PlayerAdvancements/]: Ignored advancement 'ic2:teleport_tube_recipe_advancement' in progress file .\WORLD\advancements\5401edc1-f424-367b-b22e-e812e6c8b4da.json - it doesn't exist anymore?
[02сент.2025 01:13:11.515] [Server thread/WARN] [net.minecraft.server.PlayerAdvancements/]: Ignored advancement 'ic2:tin_can_recipe_advancement' in progress file .\WORLD\advancements\5401edc1-f424-367b-b22e-e812e6c8b4da.json - it doesn't exist anymore?
[02сент.2025 01:13:11.517] [Server thread/WARN] [net.minecraft.server.PlayerAdvancements/]: Ignored advancement 'ic2:tin_cable_recipe_advancement' in progress file .\WORLD\advancements\5401edc1-f424-367b-b22e-e812e6c8b4da.json - it doesn't exist anymore?
[02сент.2025 01:13:11.517] [Server thread/WARN] [net.minecraft.server.PlayerAdvancements/]: Ignored advancement 'ic2:advanced_alloy_recipe_advancement' in progress file .\WORLD\advancements\5401edc1-f424-367b-b22e-e812e6c8b4da.json - it doesn't exist anymore?
[02сент.2025 01:13:11.517] [Server thread/WARN] [net.minecraft.server.PlayerAdvancements/]: Ignored advancement 'ic2:aluminum_cable_recipe_advancement' in progress file .\WORLD\advancements\5401edc1-f424-367b-b22e-e812e6c8b4da.json - it doesn't exist anymore?
[02сент.2025 01:13:11.517] [Server thread/WARN] [net.minecraft.server.PlayerAdvancements/]: Ignored advancement 'ic2:iron_dust_1_recipe_advancement' in progress file .\WORLD\advancements\5401edc1-f424-367b-b22e-e812e6c8b4da.json - it doesn't exist anymore?
[02сент.2025 01:13:11.517] [Server thread/WARN] [net.minecraft.server.PlayerAdvancements/]: Ignored advancement 'ic2:tin_dust_0_recipe_advancement' in progress file .\WORLD\advancements\5401edc1-f424-367b-b22e-e812e6c8b4da.json - it doesn't exist anymore?
[02сент.2025 01:13:11.517] [Server thread/WARN] [net.minecraft.server.PlayerAdvancements/]: Ignored advancement 'ic2:iron_dust_0_recipe_advancement' in progress file .\WORLD\advancements\5401edc1-f424-367b-b22e-e812e6c8b4da.json - it doesn't exist anymore?
[02сент.2025 01:13:11.518] [Server thread/WARN] [net.minecraft.server.PlayerAdvancements/]: Ignored advancement 'ic2:tin_dust_1_recipe_advancement' in progress file .\WORLD\advancements\5401edc1-f424-367b-b22e-e812e6c8b4da.json - it doesn't exist anymore?
[02сент.2025 01:13:11.518] [Server thread/WARN] [net.minecraft.server.PlayerAdvancements/]: Ignored advancement 'ic2:silver_dust_1_recipe_advancement' in progress file .\WORLD\advancements\5401edc1-f424-367b-b22e-e812e6c8b4da.json - it doesn't exist anymore?
[02сент.2025 01:13:11.518] [Server thread/WARN] [net.minecraft.server.PlayerAdvancements/]: Ignored advancement 'ic2:silver_dust_0_recipe_advancement' in progress file .\WORLD\advancements\5401edc1-f424-367b-b22e-e812e6c8b4da.json - it doesn't exist anymore?
[02сент.2025 01:13:11.518] [Server thread/WARN] [net.minecraft.server.PlayerAdvancements/]: Ignored advancement 'ic2:capacity_pipe_recipe_advancement' in progress file .\WORLD\advancements\5401edc1-f424-367b-b22e-e812e6c8b4da.json - it doesn't exist anymore?
[02сент.2025 01:13:11.518] [Server thread/WARN] [net.minecraft.server.PlayerAdvancements/]: Ignored advancement 'ic2:filter_tube_upgrade_recipe_advancement' in progress file .\WORLD\advancements\5401edc1-f424-367b-b22e-e812e6c8b4da.json - it doesn't exist anymore?
[02сент.2025 01:13:11.518] [Server thread/WARN] [net.minecraft.server.PlayerAdvancements/]: Ignored advancement 'ic2:insertion_tube_upgrade_recipe_advancement' in progress file .\WORLD\advancements\5401edc1-f424-367b-b22e-e812e6c8b4da.json - it doesn't exist anymore?
[02сент.2025 01:13:11.519] [Server thread/WARN] [net.minecraft.server.PlayerAdvancements/]: Ignored advancement 'ic2:turbine_blade_recipe_advancement' in progress file .\WORLD\advancements\5401edc1-f424-367b-b22e-e812e6c8b4da.json - it doesn't exist anymore?
[02сент.2025 01:13:11.519] [Server thread/WARN] [net.minecraft.server.PlayerAdvancements/]: Ignored advancement 'ic2:iron_cable_recipe_advancement' in progress file .\WORLD\advancements\5401edc1-f424-367b-b22e-e812e6c8b4da.json - it doesn't exist anymore?
[02сент.2025 01:13:11.519] [Server thread/WARN] [net.minecraft.server.PlayerAdvancements/]: Ignored advancement 'ic2:plasma_cable_recipe_advancement' in progress file .\WORLD\advancements\5401edc1-f424-367b-b22e-e812e6c8b4da.json - it doesn't exist anymore?
[02сент.2025 01:13:11.519] [Server thread/WARN] [net.minecraft.server.PlayerAdvancements/]: Ignored advancement 'ic2:electric_pipe_pump_recipe_advancement' in progress file .\WORLD\advancements\5401edc1-f424-367b-b22e-e812e6c8b4da.json - it doesn't exist anymore?
[02сент.2025 01:13:11.520] [Server thread/WARN] [net.minecraft.server.PlayerAdvancements/]: Ignored advancement 'ic2:color_filter_tube_recipe_advancement' in progress file .\WORLD\advancements\5401edc1-f424-367b-b22e-e812e6c8b4da.json - it doesn't exist anymore?
[02сент.2025 01:13:11.520] [Server thread/WARN] [net.minecraft.server.PlayerAdvancements/]: Ignored advancement 'arsmagicalegacy:recipes/arsmagicalegacy/redstone_inlay' in progress file .\WORLD\advancements\5401edc1-f424-367b-b22e-e812e6c8b4da.json - it doesn't exist anymore?
[02сент.2025 01:13:11.520] [Server thread/WARN] [net.minecraft.server.PlayerAdvancements/]: Ignored advancement 'arsmagicalegacy:recipes/arsmagicalegacy/gold_inlay' in progress file .\WORLD\advancements\5401edc1-f424-367b-b22e-e812e6c8b4da.json - it doesn't exist anymore?
[02сент.2025 01:13:11.520] [Server thread/WARN] [net.minecraft.server.PlayerAdvancements/]: Ignored advancement 'arsmagicalegacy:recipes/arsmagicalegacy/iron_inlay' in progress file .\WORLD\advancements\5401edc1-f424-367b-b22e-e812e6c8b4da.json - it doesn't exist anymore?
[02сент.2025 01:13:11.521] [Server thread/WARN] [net.minecraft.server.PlayerAdvancements/]: Ignored advancement 'ic2:carbon_fiber_recipe_advancement' in progress file .\WORLD\advancements\5401edc1-f424-367b-b22e-e812e6c8b4da.json - it doesn't exist anymore?
[02сент.2025 01:13:11.521] [Server thread/WARN] [net.minecraft.server.PlayerAdvancements/]: Ignored advancement 'ic2:sticky_tube_recipe_advancement' in progress file .\WORLD\advancements\5401edc1-f424-367b-b22e-e812e6c8b4da.json - it doesn't exist anymore?
[02сент.2025 01:13:11.521] [Server thread/WARN] [net.minecraft.server.PlayerAdvancements/]: Ignored advancement 'ic2:provider_tube_recipe_advancement' in progress file .\WORLD\advancements\5401edc1-f424-367b-b22e-e812e6c8b4da.json - it doesn't exist anymore?
[02сент.2025 01:13:11.521] [Server thread/WARN] [net.minecraft.server.PlayerAdvancements/]: Ignored advancement 'ic2:pressure_pipe_recipe_advancement' in progress file .\WORLD\advancements\5401edc1-f424-367b-b22e-e812e6c8b4da.json - it doesn't exist anymore?
[02сент.2025 01:13:11.521] [Server thread/WARN] [net.minecraft.server.PlayerAdvancements/]: Ignored advancement 'ic2:complex_circuit_recipe_advancement' in progress file .\WORLD\advancements\5401edc1-f424-367b-b22e-e812e6c8b4da.json - it doesn't exist anymore?
[02сент.2025 01:13:11.522] [Server thread/WARN] [net.minecraft.server.PlayerAdvancements/]: Ignored advancement 'ic2:uncompressed_super_cable_recipe_advancement' in progress file .\WORLD\advancements\5401edc1-f424-367b-b22e-e812e6c8b4da.json - it doesn't exist anymore?
[02сент.2025 01:13:11.522] [Server thread/WARN] [net.minecraft.server.PlayerAdvancements/]: Ignored advancement 'ic2:bronze_cable_recipe_advancement' in progress file .\WORLD\advancements\5401edc1-f424-367b-b22e-e812e6c8b4da.json - it doesn't exist anymore?
[02сент.2025 01:13:11.522] [Server thread/WARN] [net.minecraft.server.PlayerAdvancements/]: Ignored advancement 'arsmagicalegacy:recipes/arsmagicalegacy/inscription_table' in progress file .\WORLD\advancements\5401edc1-f424-367b-b22e-e812e6c8b4da.json - it doesn't exist anymore?
[02сент.2025 01:13:11.522] [Server thread/WARN] [net.minecraft.server.PlayerAdvancements/]: Ignored advancement 'arsmagicalegacy:recipes/arsmagicalegacy/inscription_table_tier_3' in progress file .\WORLD\advancements\5401edc1-f424-367b-b22e-e812e6c8b4da.json - it doesn't exist anymore?
[02сент.2025 01:13:11.523] [Server thread/WARN] [net.minecraft.server.PlayerAdvancements/]: Ignored advancement 'arsmagicalegacy:recipes/arsmagicalegacy/inscription_table_tier_2' in progress file .\WORLD\advancements\5401edc1-f424-367b-b22e-e812e6c8b4da.json - it doesn't exist anymore?
[02сент.2025 01:13:11.523] [Server thread/WARN] [net.minecraft.server.PlayerAdvancements/]: Ignored advancement 'arsmagicalegacy:recipes/arsmagicalegacy/inscription_table_tier_1' in progress file .\WORLD\advancements\5401edc1-f424-367b-b22e-e812e6c8b4da.json - it doesn't exist anymore?
[02сент.2025 01:13:11.523] [Server thread/WARN] [net.minecraft.server.PlayerAdvancements/]: Ignored advancement 'arsmagicalegacy:book/projectile' in progress file .\WORLD\advancements\5401edc1-f424-367b-b22e-e812e6c8b4da.json - it doesn't exist anymore?
[02сент.2025 01:13:11.523] [Server thread/WARN] [net.minecraft.server.PlayerAdvancements/]: Ignored advancement 'arsmagicalegacy:book/physical_damage' in progress file .\WORLD\advancements\5401edc1-f424-367b-b22e-e812e6c8b4da.json - it doesn't exist anymore?
[02сент.2025 01:13:11.523] [Server thread/WARN] [net.minecraft.server.PlayerAdvancements/]: Ignored advancement 'arsmagicalegacy:book/bounce' in progress file .\WORLD\advancements\5401edc1-f424-367b-b22e-e812e6c8b4da.json - it doesn't exist anymore?
[02сент.2025 01:13:11.523] [Server thread/WARN] [net.minecraft.server.PlayerAdvancements/]: Ignored advancement 'arsmagicalegacy:recipes/arsmagicalegacy/sunstone' in progress file .\WORLD\advancements\5401edc1-f424-367b-b22e-e812e6c8b4da.json - it doesn't exist anymore?
[02сент.2025 01:13:11.524] [Server thread/WARN] [net.minecraft.server.PlayerAdvancements/]: Ignored advancement 'arsmagicalegacy:recipes/arsmagicalegacy/moonstone_from_smelting_moonstone_ore' in progress file .\WORLD\advancements\5401edc1-f424-367b-b22e-e812e6c8b4da.json - it doesn't exist anymore?
[02сент.2025 01:13:11.524] [Server thread/WARN] [net.minecraft.server.PlayerAdvancements/]: Ignored advancement 'arsmagicalegacy:recipes/arsmagicalegacy/moonstone_from_blasting_moonstone_ore' in progress file .\WORLD\advancements\5401edc1-f424-367b-b22e-e812e6c8b4da.json - it doesn't exist anymore?
[02сент.2025 01:13:11.524] [Server thread/WARN] [net.minecraft.server.PlayerAdvancements/]: Ignored advancement 'ic2:request_tube_recipe_advancement' in progress file .\WORLD\advancements\5401edc1-f424-367b-b22e-e812e6c8b4da.json - it doesn't exist anymore?
[02сент.2025 01:13:11.524] [Server thread/WARN] [net.minecraft.server.PlayerAdvancements/]: Ignored advancement 'ic2:limiter_tube_recipe_advancement' in progress file .\WORLD\advancements\5401edc1-f424-367b-b22e-e812e6c8b4da.json - it doesn't exist anymore?
[02сент.2025 01:13:11.524] [Server thread/WARN] [net.minecraft.server.PlayerAdvancements/]: Ignored advancement 'ic2:carbon_mesh_recipe_advancement' in progress file .\WORLD\advancements\5401edc1-f424-367b-b22e-e812e6c8b4da.json - it doesn't exist anymore?
[02сент.2025 01:13:11.524] [Server thread/WARN] [net.minecraft.server.PlayerAdvancements/]: Ignored advancement 'ic2:dyeing_tube_upgrade_recipe_advancement' in progress file .\WORLD\advancements\5401edc1-f424-367b-b22e-e812e6c8b4da.json - it doesn't exist anymore?
[02сент.2025 01:13:11.524] [Server thread/WARN] [net.minecraft.server.PlayerAdvancements/]: Ignored advancement 'ic2:fluid_tube_upgrade_recipe_advancement' in progress file .\WORLD\advancements\5401edc1-f424-367b-b22e-e812e6c8b4da.json - it doesn't exist anymore?
[02сент.2025 01:13:11.524] [Server thread/WARN] [net.minecraft.server.PlayerAdvancements/]: Ignored advancement 'ic2:rubber_sapling_recipe_advancement' in progress file .\WORLD\advancements\5401edc1-f424-367b-b22e-e812e6c8b4da.json - it doesn't exist anymore?
[02сент.2025 01:13:11.525] [Server thread/WARN] [net.minecraft.server.PlayerAdvancements/]: Ignored advancement 'ic2:mug_cold_fruit_tea_recipe_advancement' in progress file .\WORLD\advancements\5401edc1-f424-367b-b22e-e812e6c8b4da.json - it doesn't exist anymore?
[02сент.2025 01:13:11.525] [Server thread/WARN] [net.minecraft.server.PlayerAdvancements/]: Ignored advancement 'ic2:chips_recipe_advancement' in progress file .\WORLD\advancements\5401edc1-f424-367b-b22e-e812e6c8b4da.json - it doesn't exist anymore?
[02сент.2025 01:13:11.525] [Server thread/WARN] [net.minecraft.server.PlayerAdvancements/]: Ignored advancement 'ic2:mug_recipe_advancement' in progress file .\WORLD\advancements\5401edc1-f424-367b-b22e-e812e6c8b4da.json - it doesn't exist anymore?
[02сент.2025 01:13:11.525] [Server thread/WARN] [net.minecraft.server.PlayerAdvancements/]: Ignored advancement 'ic2:glass_cold_dark_coffee_recipe_advancement' in progress file .\WORLD\advancements\5401edc1-f424-367b-b22e-e812e6c8b4da.json - it doesn't exist anymore?
[02сент.2025 01:13:11.525] [Server thread/WARN] [net.minecraft.server.PlayerAdvancements/]: Ignored advancement 'ic2:mug_cold_green_tea_recipe_advancement' in progress file .\WORLD\advancements\5401edc1-f424-367b-b22e-e812e6c8b4da.json - it doesn't exist anymore?
[02сент.2025 01:13:11.525] [Server thread/WARN] [net.minecraft.server.PlayerAdvancements/]: Ignored advancement 'ic2:mug_cold_dark_coffee_recipe_advancement' in progress file .\WORLD\advancements\5401edc1-f424-367b-b22e-e812e6c8b4da.json - it doesn't exist anymore?
[02сент.2025 01:13:11.526] [Server thread/WARN] [net.minecraft.server.PlayerAdvancements/]: Ignored advancement 'ic2:mug_cold_black_tea_recipe_advancement' in progress file .\WORLD\advancements\5401edc1-f424-367b-b22e-e812e6c8b4da.json - it doesn't exist anymore?
[02сент.2025 01:13:11.526] [Server thread/WARN] [net.minecraft.server.PlayerAdvancements/]: Ignored advancement 'ic2:glass_cold_black_tea_recipe_advancement' in progress file .\WORLD\advancements\5401edc1-f424-367b-b22e-e812e6c8b4da.json - it doesn't exist anymore?
[02сент.2025 01:13:11.526] [Server thread/WARN] [net.minecraft.server.PlayerAdvancements/]: Ignored advancement 'ic2:chocolate_cake_recipe_advancement' in progress file .\WORLD\advancements\5401edc1-f424-367b-b22e-e812e6c8b4da.json - it doesn't exist anymore?
[02сент.2025 01:13:11.526] [Server thread/WARN] [net.minecraft.server.PlayerAdvancements/]: Ignored advancement 'ic2:honey_cake_recipe_advancement' in progress file .\WORLD\advancements\5401edc1-f424-367b-b22e-e812e6c8b4da.json - it doesn't exist anymore?
[02сент.2025 01:13:11.526] [Server thread/WARN] [net.minecraft.server.PlayerAdvancements/]: Ignored advancement 'ic2:coffee_cake_recipe_advancement' in progress file .\WORLD\advancements\5401edc1-f424-367b-b22e-e812e6c8b4da.json - it doesn't exist anymore?
[02сент.2025 01:13:11.526] [Server thread/WARN] [net.minecraft.server.PlayerAdvancements/]: Ignored advancement 'ic2:lemon_cake_recipe_advancement' in progress file .\WORLD\advancements\5401edc1-f424-367b-b22e-e812e6c8b4da.json - it doesn't exist anymore?
[02сент.2025 01:13:11.526] [Server thread/WARN] [net.minecraft.server.PlayerAdvancements/]: Ignored advancement 'ic2:mug_cocoa_0_recipe_advancement' in progress file .\WORLD\advancements\5401edc1-f424-367b-b22e-e812e6c8b4da.json - it doesn't exist anymore?
[02сент.2025 01:13:11.526] [Server thread/WARN] [net.minecraft.server.PlayerAdvancements/]: Ignored advancement 'ic2:mug_milk_recipe_advancement' in progress file .\WORLD\advancements\5401edc1-f424-367b-b22e-e812e6c8b4da.json - it doesn't exist anymore?
[02сент.2025 01:13:11.527] [Server thread/WARN] [net.minecraft.server.PlayerAdvancements/]: Ignored advancement 'ic2:glass_recipe_advancement' in progress file .\WORLD\advancements\5401edc1-f424-367b-b22e-e812e6c8b4da.json - it doesn't exist anymore?
[02сент.2025 01:13:11.527] [Server thread/WARN] [net.minecraft.server.PlayerAdvancements/]: Ignored advancement 'ic2:mug_iced_tea_recipe_advancement' in progress file .\WORLD\advancements\5401edc1-f424-367b-b22e-e812e6c8b4da.json - it doesn't exist anymore?
[02сент.2025 01:13:11.527] [Server thread/WARN] [net.minecraft.server.PlayerAdvancements/]: Ignored advancement 'ic2:mug_cocoa_1_recipe_advancement' in progress file .\WORLD\advancements\5401edc1-f424-367b-b22e-e812e6c8b4da.json - it doesn't exist anymore?
[02сент.2025 01:13:11.527] [Server thread/WARN] [net.minecraft.server.PlayerAdvancements/]: Ignored advancement 'ic2:bronze_sign_recipe_advancement' in progress file .\WORLD\advancements\5401edc1-f424-367b-b22e-e812e6c8b4da.json - it doesn't exist anymore?
[02сент.2025 01:13:11.527] [Server thread/WARN] [net.minecraft.server.PlayerAdvancements/]: Ignored advancement 'ic2:silver_sign_recipe_advancement' in progress file .\WORLD\advancements\5401edc1-f424-367b-b22e-e812e6c8b4da.json - it doesn't exist anymore?
[02сент.2025 01:13:11.527] [Server thread/WARN] [net.minecraft.server.PlayerAdvancements/]: Ignored advancement 'ic2:copper_sign_recipe_advancement' in progress file .\WORLD\advancements\5401edc1-f424-367b-b22e-e812e6c8b4da.json - it doesn't exist anymore?
[02сент.2025 01:13:11.527] [Server thread/WARN] [net.minecraft.server.PlayerAdvancements/]: Ignored advancement 'ic2:rail_recipe_advancement' in progress file .\WORLD\advancements\5401edc1-f424-367b-b22e-e812e6c8b4da.json - it doesn't exist anymore?
[02сент.2025 01:13:11.528] [Server thread/WARN] [net.minecraft.server.PlayerAdvancements/]: Ignored advancement 'ic2:tin_sign_recipe_advancement' in progress file .\WORLD\advancements\5401edc1-f424-367b-b22e-e812e6c8b4da.json - it doesn't exist anymore?
[02сент.2025 01:13:11.528] [Server thread/WARN] [net.minecraft.server.PlayerAdvancements/]: Ignored advancement 'ic2:torch_recipe_advancement' in progress file .\WORLD\advancements\5401edc1-f424-367b-b22e-e812e6c8b4da.json - it doesn't exist anymore?
[02сент.2025 01:13:11.528] [Server thread/WARN] [net.minecraft.server.PlayerAdvancements/]: Ignored advancement 'ic2:crop_sticks_recipe_advancement' in progress file .\WORLD\advancements\5401edc1-f424-367b-b22e-e812e6c8b4da.json - it doesn't exist anymore?
[02сент.2025 01:13:11.528] [Server thread/WARN] [net.minecraft.server.PlayerAdvancements/]: Ignored advancement 'ic2:wooden_rotor_recipe_advancement' in progress file .\WORLD\advancements\5401edc1-f424-367b-b22e-e812e6c8b4da.json - it doesn't exist anymore?
[02сент.2025 01:13:11.528] [Server thread/WARN] [net.minecraft.server.PlayerAdvancements/]: Ignored advancement 'ic2:wooden_scaffold_recipe_advancement' in progress file .\WORLD\advancements\5401edc1-f424-367b-b22e-e812e6c8b4da.json - it doesn't exist anymore?
[02сент.2025 01:13:11.529] [Server thread/WARN] [net.minecraft.server.PlayerAdvancements/]: Ignored advancement 'ic2:refined_iron_sign_recipe_advancement' in progress file .\WORLD\advancements\5401edc1-f424-367b-b22e-e812e6c8b4da.json - it doesn't exist anymore?
[02сент.2025 01:13:11.529] [Server thread/WARN] [net.minecraft.server.PlayerAdvancements/]: Ignored advancement 'ic2:aluminum_sign_recipe_advancement' in progress file .\WORLD\advancements\5401edc1-f424-367b-b22e-e812e6c8b4da.json - it doesn't exist anymore?
[02сент.2025 01:13:11.529] [Server thread/WARN] [net.minecraft.server.PlayerAdvancements/]: Ignored advancement 'ic2:construction_light_recipe_advancement' in progress file .\WORLD\advancements\5401edc1-f424-367b-b22e-e812e6c8b4da.json - it doesn't exist anymore?
[02сент.2025 01:13:11.529] [Server thread/WARN] [net.minecraft.server.PlayerAdvancements/]: Ignored advancement 'ic2:piston_recipe_advancement' in progress file .\WORLD\advancements\5401edc1-f424-367b-b22e-e812e6c8b4da.json - it doesn't exist anymore?
[02сент.2025 01:13:11.529] [Server thread/WARN] [net.minecraft.server.PlayerAdvancements/]: Ignored advancement 'ic2:gunpowder_recipe_advancement' in progress file .\WORLD\advancements\5401edc1-f424-367b-b22e-e812e6c8b4da.json - it doesn't exist anymore?
[02сент.2025 01:13:11.529] [Server thread/WARN] [net.minecraft.server.PlayerAdvancements/]: Ignored advancement 'ic2:tfbp_recipe_advancement' in progress file .\WORLD\advancements\5401edc1-f424-367b-b22e-e812e6c8b4da.json - it doesn't exist anymore?
[02сент.2025 01:13:11.529] [Server thread/WARN] [net.minecraft.server.PlayerAdvancements/]: Ignored advancement 'ic2:weedex_recipe_advancement' in progress file .\WORLD\advancements\5401edc1-f424-367b-b22e-e812e6c8b4da.json - it doesn't exist anymore?
[02сент.2025 01:13:11.529] [Server thread/WARN] [net.minecraft.server.PlayerAdvancements/]: Ignored advancement 'ic2:tfbp_biome_recipe_advancement' in progress file .\WORLD\advancements\5401edc1-f424-367b-b22e-e812e6c8b4da.json - it doesn't exist anymore?
[02сент.2025 01:13:11.530] [Server thread/WARN] [net.minecraft.server.PlayerAdvancements/]: Ignored advancement 'ic2:glowstone_dust_recipe_advancement' in progress file .\WORLD\advancements\5401edc1-f424-367b-b22e-e812e6c8b4da.json - it doesn't exist anymore?
[02сент.2025 01:13:11.530] [Server thread/WARN] [net.minecraft.server.PlayerAdvancements/]: Ignored advancement 'ic2:player_detector_recipe_advancement' in progress file .\WORLD\advancements\5401edc1-f424-367b-b22e-e812e6c8b4da.json - it doesn't exist anymore?
[02сент.2025 01:13:11.530] [Server thread/WARN] [net.minecraft.server.PlayerAdvancements/]: Ignored advancement 'ic2:memory_stick_recipe_advancement' in progress file .\WORLD\advancements\5401edc1-f424-367b-b22e-e812e6c8b4da.json - it doesn't exist anymore?
[02сент.2025 01:13:11.530] [Server thread/WARN] [net.minecraft.server.PlayerAdvancements/]: Ignored advancement 'ic2:tfbp_flatificator_recipe_advancement' in progress file .\WORLD\advancements\5401edc1-f424-367b-b22e-e812e6c8b4da.json - it doesn't exist anymore?
[02сент.2025 01:13:11.530] [Server thread/WARN] [net.minecraft.server.PlayerAdvancements/]: Ignored advancement 'ic2:planter_pot_dirt_recipe_advancement' in progress file .\WORLD\advancements\5401edc1-f424-367b-b22e-e812e6c8b4da.json - it doesn't exist anymore?
[02сент.2025 01:13:11.530] [Server thread/WARN] [net.minecraft.server.PlayerAdvancements/]: Ignored advancement 'ic2:mud_recipe_advancement' in progress file .\WORLD\advancements\5401edc1-f424-367b-b22e-e812e6c8b4da.json - it doesn't exist anymore?
[02сент.2025 01:13:11.531] [Server thread/WARN] [net.minecraft.server.PlayerAdvancements/]: Ignored advancement 'ic2:reinforced_stone_recipe_advancement' in progress file .\WORLD\advancements\5401edc1-f424-367b-b22e-e812e6c8b4da.json - it doesn't exist anymore?
[02сент.2025 01:13:11.531] [Server thread/WARN] [net.minecraft.server.PlayerAdvancements/]: Ignored advancement 'ic2:plant_ball_sapling_recipe_advancement' in progress file .\WORLD\advancements\5401edc1-f424-367b-b22e-e812e6c8b4da.json - it doesn't exist anymore?
[02сент.2025 01:13:11.531] [Server thread/WARN] [net.minecraft.server.PlayerAdvancements/]: Ignored advancement 'ic2:tfbp_biome_forestification_recipe_advancement' in progress file .\WORLD\advancements\5401edc1-f424-367b-b22e-e812e6c8b4da.json - it doesn't exist anymore?
[02сент.2025 01:13:11.531] [Server thread/WARN] [net.minecraft.server.PlayerAdvancements/]: Ignored advancement 'ic2:glass_cold_fruit_tea_recipe_advancement' in progress file .\WORLD\advancements\5401edc1-f424-367b-b22e-e812e6c8b4da.json - it doesn't exist anymore?
[02сент.2025 01:13:11.531] [Server thread/WARN] [net.minecraft.server.PlayerAdvancements/]: Ignored advancement 'ic2:plant_ball_seed_recipe_advancement' in progress file .\WORLD\advancements\5401edc1-f424-367b-b22e-e812e6c8b4da.json - it doesn't exist anymore?
[02сент.2025 01:13:11.531] [Server thread/WARN] [net.minecraft.server.PlayerAdvancements/]: Ignored advancement 'ic2:hopper_recipe_advancement' in progress file .\WORLD\advancements\5401edc1-f424-367b-b22e-e812e6c8b4da.json - it doesn't exist anymore?
[02сент.2025 01:13:11.531] [Server thread/WARN] [net.minecraft.server.PlayerAdvancements/]: Ignored advancement 'ic2:bio_chunk_recipe_advancement' in progress file .\WORLD\advancements\5401edc1-f424-367b-b22e-e812e6c8b4da.json - it doesn't exist anymore?
[02сент.2025 01:13:11.532] [Server thread/WARN] [net.minecraft.server.PlayerAdvancements/]: Ignored advancement 'ic2:rubber_boat_recipe_advancement' in progress file .\WORLD\advancements\5401edc1-f424-367b-b22e-e812e6c8b4da.json - it doesn't exist anymore?
[02сент.2025 01:13:11.532] [Server thread/WARN] [net.minecraft.server.PlayerAdvancements/]: Ignored advancement 'ic2:carbon_boat_recipe_advancement' in progress file .\WORLD\advancements\5401edc1-f424-367b-b22e-e812e6c8b4da.json - it doesn't exist anymore?
[02сент.2025 01:13:11.532] [Server thread/WARN] [net.minecraft.server.PlayerAdvancements/]: Ignored advancement 'ic2:fertilizer_0_recipe_advancement' in progress file .\WORLD\advancements\5401edc1-f424-367b-b22e-e812e6c8b4da.json - it doesn't exist anymore?
[02сент.2025 01:13:11.532] [Server thread/WARN] [net.minecraft.server.PlayerAdvancements/]: Ignored advancement 'ic2:overgrowth_fertilizer_recipe_advancement' in progress file .\WORLD\advancements\5401edc1-f424-367b-b22e-e812e6c8b4da.json - it doesn't exist anymore?
[02сент.2025 01:13:11.532] [Server thread/WARN] [net.minecraft.server.PlayerAdvancements/]: Ignored advancement 'ic2:wool_rotor_recipe_advancement' in progress file .\WORLD\advancements\5401edc1-f424-367b-b22e-e812e6c8b4da.json - it doesn't exist anymore?
[02сент.2025 01:13:11.532] [Server thread/WARN] [net.minecraft.server.PlayerAdvancements/]: Ignored advancement 'ic2:bio_ball_recipe_advancement' in progress file .\WORLD\advancements\5401edc1-f424-367b-b22e-e812e6c8b4da.json - it doesn't exist anymore?
[02сент.2025 01:13:11.533] [Server thread/WARN] [net.minecraft.server.PlayerAdvancements/]: Ignored advancement 'ic2:unprinted_wiki_recipe_advancement' in progress file .\WORLD\advancements\5401edc1-f424-367b-b22e-e812e6c8b4da.json - it doesn't exist anymore?
[02сент.2025 01:13:11.533] [Server thread/WARN] [net.minecraft.server.PlayerAdvancements/]: Ignored advancement 'ic2:flesh_ball_recipe_advancement' in progress file .\WORLD\advancements\5401edc1-f424-367b-b22e-e812e6c8b4da.json - it doesn't exist anymore?
[02сент.2025 01:13:11.533] [Server thread/WARN] [net.minecraft.server.PlayerAdvancements/]: Ignored advancement 'ic2:glass_to_splash_recipe_advancement' in progress file .\WORLD\advancements\5401edc1-f424-367b-b22e-e812e6c8b4da.json - it doesn't exist anymore?
[02сент.2025 01:13:11.533] [Server thread/WARN] [net.minecraft.server.PlayerAdvancements/]: Ignored advancement 'ic2:nuke_recipe_advancement' in progress file .\WORLD\advancements\5401edc1-f424-367b-b22e-e812e6c8b4da.json - it doesn't exist anymore?
[02сент.2025 01:13:11.533] [Server thread/WARN] [net.minecraft.server.PlayerAdvancements/]: Ignored advancement 'ic2:dynamite_remote_upgrade_recipe_advancement' in progress file .\WORLD\advancements\5401edc1-f424-367b-b22e-e812e6c8b4da.json - it doesn't exist anymore?
[02сент.2025 01:13:11.533] [Server thread/WARN] [net.minecraft.server.PlayerAdvancements/]: Ignored advancement 'ic2:hydrated_coal_dust_recipe_advancement' in progress file .\WORLD\advancements\5401edc1-f424-367b-b22e-e812e6c8b4da.json - it doesn't exist anymore?
[02сент.2025 01:13:11.533] [Server thread/WARN] [net.minecraft.server.PlayerAdvancements/]: Ignored advancement 'ic2:glass_cold_green_tea_recipe_advancement' in progress file .\WORLD\advancements\5401edc1-f424-367b-b22e-e812e6c8b4da.json - it doesn't exist anymore?
[02сент.2025 01:13:11.534] [Server thread/WARN] [net.minecraft.server.PlayerAdvancements/]: Ignored advancement 'ic2:hydrated_charcoal_dust_recipe_advancement' in progress file .\WORLD\advancements\5401edc1-f424-367b-b22e-e812e6c8b4da.json - it doesn't exist anymore?
[02сент.2025 01:13:11.534] [Server thread/WARN] [net.minecraft.server.PlayerAdvancements/]: Ignored advancement 'ic2:hydrated_coal_dust_mass_recipe_advancement' in progress file .\WORLD\advancements\5401edc1-f424-367b-b22e-e812e6c8b4da.json - it doesn't exist anymore?
[02сент.2025 01:13:11.534] [Server thread/WARN] [net.minecraft.server.PlayerAdvancements/]: Ignored advancement 'ic2:tfbp_irrigation_recipe_advancement' in progress file .\WORLD\advancements\5401edc1-f424-367b-b22e-e812e6c8b4da.json - it doesn't exist anymore?
[02сент.2025 01:13:11.534] [Server thread/WARN] [net.minecraft.server.PlayerAdvancements/]: Ignored advancement 'ic2:hydrated_charcoal_dust_mass_recipe_advancement' in progress file .\WORLD\advancements\5401edc1-f424-367b-b22e-e812e6c8b4da.json - it doesn't exist anymore?
[02сент.2025 01:13:11.534] [Server thread/WARN] [net.minecraft.server.PlayerAdvancements/]: Ignored advancement 'ic2:glass_tea_0_recipe_advancement' in progress file .\WORLD\advancements\5401edc1-f424-367b-b22e-e812e6c8b4da.json - it doesn't exist anymore?
[02сент.2025 01:13:11.534] [Server thread/WARN] [net.minecraft.server.PlayerAdvancements/]: Ignored advancement 'ic2:glass_cocoa_0_recipe_advancement' in progress file .\WORLD\advancements\5401edc1-f424-367b-b22e-e812e6c8b4da.json - it doesn't exist anymore?
[02сент.2025 01:13:11.534] [Server thread/WARN] [net.minecraft.server.PlayerAdvancements/]: Ignored advancement 'ic2:mug_coffee_recipe_advancement' in progress file .\WORLD\advancements\5401edc1-f424-367b-b22e-e812e6c8b4da.json - it doesn't exist anymore?
[02сент.2025 01:13:11.535] [Server thread/WARN] [net.minecraft.server.PlayerAdvancements/]: Ignored advancement 'ic2:glass_milk_recipe_advancement' in progress file .\WORLD\advancements\5401edc1-f424-367b-b22e-e812e6c8b4da.json - it doesn't exist anymore?
[02сент.2025 01:13:11.535] [Server thread/WARN] [net.minecraft.server.PlayerAdvancements/]: Ignored advancement 'ic2:mug_tea_0_recipe_advancement' in progress file .\WORLD\advancements\5401edc1-f424-367b-b22e-e812e6c8b4da.json - it doesn't exist anymore?
[02сент.2025 01:13:11.535] [Server thread/WARN] [net.minecraft.server.PlayerAdvancements/]: Ignored advancement 'ic2:mug_cold_tea_recipe_advancement' in progress file .\WORLD\advancements\5401edc1-f424-367b-b22e-e812e6c8b4da.json - it doesn't exist anymore?
[02сент.2025 01:13:11.535] [Server thread/WARN] [net.minecraft.server.PlayerAdvancements/]: Ignored advancement 'ic2:glass_coffee_recipe_advancement' in progress file .\WORLD\advancements\5401edc1-f424-367b-b22e-e812e6c8b4da.json - it doesn't exist anymore?
[02сент.2025 01:13:11.535] [Server thread/WARN] [net.minecraft.server.PlayerAdvancements/]: Ignored advancement 'ic2:glass_cold_tea_recipe_advancement' in progress file .\WORLD\advancements\5401edc1-f424-367b-b22e-e812e6c8b4da.json - it doesn't exist anymore?
[02сент.2025 01:13:11.535] [Server thread/WARN] [net.minecraft.server.PlayerAdvancements/]: Ignored advancement 'ic2:itnt_1_recipe_advancement' in progress file .\WORLD\advancements\5401edc1-f424-367b-b22e-e812e6c8b4da.json - it doesn't exist anymore?
[02сент.2025 01:13:11.535] [Server thread/WARN] [net.minecraft.server.PlayerAdvancements/]: Ignored advancement 'ic2:itnt_0_recipe_advancement' in progress file .\WORLD\advancements\5401edc1-f424-367b-b22e-e812e6c8b4da.json - it doesn't exist anymore?
[02сент.2025 01:13:11.536] [Server thread/WARN] [net.minecraft.server.PlayerAdvancements/]: Ignored advancement 'ic2:obsidian_magma_recipe_advancement' in progress file .\WORLD\advancements\5401edc1-f424-367b-b22e-e812e6c8b4da.json - it doesn't exist anymore?
[02сент.2025 01:13:11.536] [Server thread/WARN] [net.minecraft.server.PlayerAdvancements/]: Ignored advancement 'ic2:dynamite_remote_recipe_advancement' in progress file .\WORLD\advancements\5401edc1-f424-367b-b22e-e812e6c8b4da.json - it doesn't exist anymore?
[02сент.2025 01:13:11.536] [Server thread/WARN] [net.minecraft.server.PlayerAdvancements/]: Ignored advancement 'ic2:iron_fence_recipe_advancement' in progress file .\WORLD\advancements\5401edc1-f424-367b-b22e-e812e6c8b4da.json - it doesn't exist anymore?
[02сент.2025 01:13:11.536] [Server thread/WARN] [net.minecraft.server.PlayerAdvancements/]: Ignored advancement 'ic2:luminator_recipe_advancement' in progress file .\WORLD\advancements\5401edc1-f424-367b-b22e-e812e6c8b4da.json - it doesn't exist anymore?
[02сент.2025 01:13:11.536] [Server thread/WARN] [net.minecraft.server.PlayerAdvancements/]: Ignored advancement 'ic2:iron_scaffold_recipe_advancement' in progress file .\WORLD\advancements\5401edc1-f424-367b-b22e-e812e6c8b4da.json - it doesn't exist anymore?
[02сент.2025 01:13:11.536] [Server thread/WARN] [net.minecraft.server.PlayerAdvancements/]: Ignored advancement 'ic2:iron_rotor_recipe_advancement' in progress file .\WORLD\advancements\5401edc1-f424-367b-b22e-e812e6c8b4da.json - it doesn't exist anymore?
[02сент.2025 01:13:11.536] [Server thread/WARN] [net.minecraft.server.PlayerAdvancements/]: Ignored advancement 'ic2:mining_pipe_recipe_advancement' in progress file .\WORLD\advancements\5401edc1-f424-367b-b22e-e812e6c8b4da.json - it doesn't exist anymore?
[02сент.2025 01:13:11.537] [Server thread/WARN] [net.minecraft.server.PlayerAdvancements/]: Ignored advancement 'ic2:generator_0_recipe_advancement' in progress file .\WORLD\advancements\5401edc1-f424-367b-b22e-e812e6c8b4da.json - it doesn't exist anymore?
[02сент.2025 01:13:11.537] [Server thread/WARN] [net.minecraft.server.PlayerAdvancements/]: Ignored advancement 'ic2:lead_recipe_advancement' in progress file .\WORLD\advancements\5401edc1-f424-367b-b22e-e812e6c8b4da.json - it doesn't exist anymore?
[02сент.2025 01:13:11.537] [Server thread/WARN] [net.minecraft.server.PlayerAdvancements/]: Ignored advancement 'ic2:sticky_dynamite_recipe_advancement' in progress file .\WORLD\advancements\5401edc1-f424-367b-b22e-e812e6c8b4da.json - it doesn't exist anymore?
[02сент.2025 01:13:11.537] [Server thread/WARN] [net.minecraft.server.PlayerAdvancements/]: Ignored advancement 'ic2:sticky_piston_recipe_advancement' in progress file .\WORLD\advancements\5401edc1-f424-367b-b22e-e812e6c8b4da.json - it doesn't exist anymore?
[02сент.2025 01:13:11.538] [Server thread/WARN] [net.minecraft.server.PlayerAdvancements/]: Ignored advancement 'ic2:bio_mesh_recipe_advancement' in progress file .\WORLD\advancements\5401edc1-f424-367b-b22e-e812e6c8b4da.json - it doesn't exist anymore?
[02сент.2025 01:13:11.538] [Server thread/WARN] [net.minecraft.server.PlayerAdvancements/]: Ignored advancement 'ic2:carbon_rotor_recipe_advancement' in progress file .\WORLD\advancements\5401edc1-f424-367b-b22e-e812e6c8b4da.json - it doesn't exist anymore?
[02сент.2025 01:13:11.538] [Server thread/WARN] [net.minecraft.server.PlayerAdvancements/]: Ignored advancement 'ic2:alloy_rotor_recipe_advancement' in progress file .\WORLD\advancements\5401edc1-f424-367b-b22e-e812e6c8b4da.json - it doesn't exist anymore?
[02сент.2025 01:13:11.538] [Server thread/WARN] [net.minecraft.server.PlayerAdvancements/]: Ignored advancement 'ic2:rubber_sheet_recipe_advancement' in progress file .\WORLD\advancements\5401edc1-f424-367b-b22e-e812e6c8b4da.json - it doesn't exist anymore?
[02сент.2025 01:13:11.538] [Server thread/WARN] [net.minecraft.server.PlayerAdvancements/]: Ignored advancement 'ic2:rubber_boat_repair_recipe_advancement' in progress file .\WORLD\advancements\5401edc1-f424-367b-b22e-e812e6c8b4da.json - it doesn't exist anymore?
[02сент.2025 01:13:11.538] [Server thread/WARN] [net.minecraft.server.PlayerAdvancements/]: Ignored advancement 'ic2:advanced_comparator_recipe_advancement' in progress file .\WORLD\advancements\5401edc1-f424-367b-b22e-e812e6c8b4da.json - it doesn't exist anymore?
[02сент.2025 01:13:11.538] [Server thread/WARN] [net.minecraft.server.PlayerAdvancements/]: Ignored advancement 'ic2:adjustable_luminator_recipe_advancement' in progress file .\WORLD\advancements\5401edc1-f424-367b-b22e-e812e6c8b4da.json - it doesn't exist anymore?
[02сент.2025 01:13:11.539] [Server thread/WARN] [net.minecraft.server.PlayerAdvancements/]: Ignored advancement 'ic2:tfbp_cultivation_recipe_advancement' in progress file .\WORLD\advancements\5401edc1-f424-367b-b22e-e812e6c8b4da.json - it doesn't exist anymore?
[02сент.2025 01:13:11.539] [Server thread/WARN] [net.minecraft.server.PlayerAdvancements/]: Ignored advancement 'ic2:fuel_can_recipe_advancement' in progress file .\WORLD\advancements\5401edc1-f424-367b-b22e-e812e6c8b4da.json - it doesn't exist anymore?
[02сент.2025 01:13:11.539] [Server thread/WARN] [net.minecraft.server.PlayerAdvancements/]: Ignored advancement 'ic2:empty_cell_recipe_advancement' in progress file .\WORLD\advancements\5401edc1-f424-367b-b22e-e812e6c8b4da.json - it doesn't exist anymore?
[02сент.2025 01:13:11.539] [Server thread/WARN] [net.minecraft.server.PlayerAdvancements/]: Ignored advancement 'ic2:bucket_recipe_advancement' in progress file .\WORLD\advancements\5401edc1-f424-367b-b22e-e812e6c8b4da.json - it doesn't exist anymore?
[02сент.2025 01:13:11.539] [Server thread/WARN] [net.minecraft.server.PlayerAdvancements/]: Ignored advancement 'ic2:glass_cocoa_1_recipe_advancement' in progress file .\WORLD\advancements\5401edc1-f424-367b-b22e-e812e6c8b4da.json - it doesn't exist anymore?
[02сент.2025 01:13:11.539] [Server thread/WARN] [net.minecraft.server.PlayerAdvancements/]: Ignored advancement 'ic2:tfbp_desertification_recipe_advancement' in progress file .\WORLD\advancements\5401edc1-f424-367b-b22e-e812e6c8b4da.json - it doesn't exist anymore?
[02сент.2025 01:13:11.539] [Server thread/WARN] [net.minecraft.server.PlayerAdvancements/]: Ignored advancement 'ic2:planter_pot_sand_recipe_advancement' in progress file .\WORLD\advancements\5401edc1-f424-367b-b22e-e812e6c8b4da.json - it doesn't exist anymore?
[02сент.2025 01:13:11.540] [Server thread/WARN] [net.minecraft.server.PlayerAdvancements/]: Ignored advancement 'ic2:reinforced_glass_0_recipe_advancement' in progress file .\WORLD\advancements\5401edc1-f424-367b-b22e-e812e6c8b4da.json - it doesn't exist anymore?
[02сент.2025 01:13:11.540] [Server thread/WARN] [net.minecraft.server.PlayerAdvancements/]: Ignored advancement 'ic2:reinforced_glass_1_recipe_advancement' in progress file .\WORLD\advancements\5401edc1-f424-367b-b22e-e812e6c8b4da.json - it doesn't exist anymore?
[02сент.2025 01:13:11.540] [Server thread/WARN] [net.minecraft.server.PlayerAdvancements/]: Ignored advancement 'ic2:glass_iced_tea_recipe_advancement' in progress file .\WORLD\advancements\5401edc1-f424-367b-b22e-e812e6c8b4da.json - it doesn't exist anymore?
[02сент.2025 01:13:11.540] [Server thread/WARN] [net.minecraft.server.PlayerAdvancements/]: Ignored advancement 'ic2:dynamite_recipe_advancement' in progress file .\WORLD\advancements\5401edc1-f424-367b-b22e-e812e6c8b4da.json - it doesn't exist anymore?
[02сент.2025 01:13:11.540] [Server thread/WARN] [net.minecraft.server.PlayerAdvancements/]: Ignored advancement 'ic2:tfbp_biome_undergrowth_recipe_advancement' in progress file .\WORLD\advancements\5401edc1-f424-367b-b22e-e812e6c8b4da.json - it doesn't exist anymore?
[02сент.2025 01:13:11.541] [Server thread/WARN] [net.minecraft.server.PlayerAdvancements/]: Ignored advancement 'ic2:planter_pot_soul_sand_recipe_advancement' in progress file .\WORLD\advancements\5401edc1-f424-367b-b22e-e812e6c8b4da.json - it doesn't exist anymore?
[02сент.2025 01:13:11.541] [Server thread/WARN] [net.minecraft.server.PlayerAdvancements/]: Ignored advancement 'ic2:bio_cell_recipe_advancement' in progress file .\WORLD\advancements\5401edc1-f424-367b-b22e-e812e6c8b4da.json - it doesn't exist anymore?
[02сент.2025 01:13:11.541] [Server thread/WARN] [net.minecraft.server.PlayerAdvancements/]: Ignored advancement 'ic2:hydrated_coal_cell_recipe_advancement' in progress file .\WORLD\advancements\5401edc1-f424-367b-b22e-e812e6c8b4da.json - it doesn't exist anymore?
[02сент.2025 01:13:11.541] [Server thread/WARN] [net.minecraft.server.PlayerAdvancements/]: Ignored advancement 'ic2:obsidian_lava_recipe_advancement' in progress file .\WORLD\advancements\5401edc1-f424-367b-b22e-e812e6c8b4da.json - it doesn't exist anymore?
[02сент.2025 01:13:11.541] [Server thread/WARN] [net.minecraft.server.PlayerAdvancements/]: Ignored advancement 'ic2:planter_pot_soul_soil_recipe_advancement' in progress file .\WORLD\advancements\5401edc1-f424-367b-b22e-e812e6c8b4da.json - it doesn't exist anymore?
[02сент.2025 01:13:11.541] [Server thread/WARN] [net.minecraft.server.PlayerAdvancements/]: Ignored advancement 'ic2:planter_pot_warped_nylium_recipe_advancement' in progress file .\WORLD\advancements\5401edc1-f424-367b-b22e-e812e6c8b4da.json - it doesn't exist anymore?
[02сент.2025 01:13:11.541] [Server thread/WARN] [net.minecraft.server.PlayerAdvancements/]: Ignored advancement 'ic2:tfbp_mushroom_recipe_advancement' in progress file .\WORLD\advancements\5401edc1-f424-367b-b22e-e812e6c8b4da.json - it doesn't exist anymore?
[02сент.2025 01:13:11.542] [Server thread/WARN] [net.minecraft.server.PlayerAdvancements/]: Ignored advancement 'ic2:restoring_fertilizer_recipe_advancement' in progress file .\WORLD\advancements\5401edc1-f424-367b-b22e-e812e6c8b4da.json - it doesn't exist anymore?
[02сент.2025 01:13:11.542] [Server thread/WARN] [net.minecraft.server.PlayerAdvancements/]: Ignored advancement 'ic2:glass_to_lingering_recipe_advancement' in progress file .\WORLD\advancements\5401edc1-f424-367b-b22e-e812e6c8b4da.json - it doesn't exist anymore?
[02сент.2025 01:13:11.542] [Server thread/WARN] [net.minecraft.server.PlayerAdvancements/]: Ignored advancement 'ic2:planter_pot_mud_recipe_advancement' in progress file .\WORLD\advancements\5401edc1-f424-367b-b22e-e812e6c8b4da.json - it doesn't exist anymore?
[02сент.2025 01:13:11.546] [Server thread/INFO] [net.minecraftforge.common.AdvancementLoadFix/]: Using new advancement loading for net.minecraft.server.PlayerAdvancements@122bb48f
[02сент.2025 01:18:08.398] [Server thread/WARN] [net.minecraft.server.PlayerAdvancements/]: Ignored advancement 'ic2:rubberwood_log_bark_recipe_advancement' in progress file .\WORLD\advancements\83c4e130-56df-3890-a045-9e624d86070f.json - it doesn't exist anymore?
[02сент.2025 01:18:08.399] [Server thread/WARN] [net.minecraft.server.PlayerAdvancements/]: Ignored advancement 'ic2:speed_tube_recipe_advancement' in progress file .\WORLD\advancements\83c4e130-56df-3890-a045-9e624d86070f.json - it doesn't exist anymore?
[02сент.2025 01:18:08.399] [Server thread/WARN] [net.minecraft.server.PlayerAdvancements/]: Ignored advancement 'ic2:2x_insulated_gold_cable_2_recipe_advancement' in progress file .\WORLD\advancements\83c4e130-56df-3890-a045-9e624d86070f.json - it doesn't exist anymore?
[02сент.2025 01:18:08.399] [Server thread/WARN] [net.minecraft.server.PlayerAdvancements/]: Ignored advancement 'ic2:unconnecting_tube_recipe_advancement' in progress file .\WORLD\advancements\83c4e130-56df-3890-a045-9e624d86070f.json - it doesn't exist anymore?
[02сент.2025 01:18:08.399] [Server thread/WARN] [net.minecraft.server.PlayerAdvancements/]: Ignored advancement 'ic2:rubberwood_planks_recipe_advancement' in progress file .\WORLD\advancements\83c4e130-56df-3890-a045-9e624d86070f.json - it doesn't exist anymore?
[02сент.2025 01:18:08.400] [Server thread/WARN] [net.minecraft.server.PlayerAdvancements/]: Ignored advancement 'ic2:gold_cable_recipe_advancement' in progress file .\WORLD\advancements\83c4e130-56df-3890-a045-9e624d86070f.json - it doesn't exist anymore?
[02сент.2025 01:18:08.400] [Server thread/WARN] [net.minecraft.server.PlayerAdvancements/]: Ignored advancement 'ic2:barrel_0_recipe_advancement' in progress file .\WORLD\advancements\83c4e130-56df-3890-a045-9e624d86070f.json - it doesn't exist anymore?
[02сент.2025 01:18:08.400] [Server thread/WARN] [net.minecraft.server.PlayerAdvancements/]: Ignored advancement 'ic2:insulated_gold_cable_0_recipe_advancement' in progress file .\WORLD\advancements\83c4e130-56df-3890-a045-9e624d86070f.json - it doesn't exist anymore?
[02сент.2025 01:18:08.400] [Server thread/WARN] [net.minecraft.server.PlayerAdvancements/]: Ignored advancement 'ic2:rubberwood_fence_gate_recipe_advancement' in progress file .\WORLD\advancements\83c4e130-56df-3890-a045-9e624d86070f.json - it doesn't exist anymore?
[02сент.2025 01:18:08.400] [Server thread/WARN] [net.minecraft.server.PlayerAdvancements/]: Ignored advancement 'ic2:rubberwood_sign_recipe_advancement' in progress file .\WORLD\advancements\83c4e130-56df-3890-a045-9e624d86070f.json - it doesn't exist anymore?
[02сент.2025 01:18:08.400] [Server thread/WARN] [net.minecraft.server.PlayerAdvancements/]: Ignored advancement 'ic2:rubberwood_fence_recipe_advancement' in progress file .\WORLD\advancements\83c4e130-56df-3890-a045-9e624d86070f.json - it doesn't exist anymore?
[02сент.2025 01:18:08.401] [Server thread/WARN] [net.minecraft.server.PlayerAdvancements/]: Ignored advancement 'ic2:chips_recipe_advancement' in progress file .\WORLD\advancements\83c4e130-56df-3890-a045-9e624d86070f.json - it doesn't exist anymore?
[02сент.2025 01:18:08.401] [Server thread/WARN] [net.minecraft.server.PlayerAdvancements/]: Ignored advancement 'ic2:rubber_sapling_recipe_advancement' in progress file .\WORLD\advancements\83c4e130-56df-3890-a045-9e624d86070f.json - it doesn't exist anymore?
[02сент.2025 01:18:08.401] [Server thread/WARN] [net.minecraft.server.PlayerAdvancements/]: Ignored advancement 'ic2:chocolate_cake_recipe_advancement' in progress file .\WORLD\advancements\83c4e130-56df-3890-a045-9e624d86070f.json - it doesn't exist anymore?
[02сент.2025 01:18:08.401] [Server thread/WARN] [net.minecraft.server.PlayerAdvancements/]: Ignored advancement 'ic2:stacking_tube_recipe_advancement' in progress file .\WORLD\advancements\83c4e130-56df-3890-a045-9e624d86070f.json - it doesn't exist anymore?
[02сент.2025 01:18:08.401] [Server thread/WARN] [net.minecraft.server.PlayerAdvancements/]: Ignored advancement 'ic2:mug_recipe_advancement' in progress file .\WORLD\advancements\83c4e130-56df-3890-a045-9e624d86070f.json - it doesn't exist anymore?
[02сент.2025 01:18:08.401] [Server thread/WARN] [net.minecraft.server.PlayerAdvancements/]: Ignored advancement 'ic2:rare_earth_chunk_recipe_advancement' in progress file .\WORLD\advancements\83c4e130-56df-3890-a045-9e624d86070f.json - it doesn't exist anymore?
[02сент.2025 01:18:08.402] [Server thread/WARN] [net.minecraft.server.PlayerAdvancements/]: Ignored advancement 'ic2:directional_tube_recipe_advancement' in progress file .\WORLD\advancements\83c4e130-56df-3890-a045-9e624d86070f.json - it doesn't exist anymore?
[02сент.2025 01:18:08.402] [Server thread/WARN] [net.minecraft.server.PlayerAdvancements/]: Ignored advancement 'ic2:circuit_0_recipe_advancement' in progress file .\WORLD\advancements\83c4e130-56df-3890-a045-9e624d86070f.json - it doesn't exist anymore?
[02сент.2025 01:18:08.402] [Server thread/WARN] [net.minecraft.server.PlayerAdvancements/]: Ignored advancement 'ic2:detector_cable_recipe_advancement' in progress file .\WORLD\advancements\83c4e130-56df-3890-a045-9e624d86070f.json - it doesn't exist anymore?
[02сент.2025 01:18:08.402] [Server thread/WARN] [net.minecraft.server.PlayerAdvancements/]: Ignored advancement 'ic2:advanced_circuit_1_recipe_advancement' in progress file .\WORLD\advancements\83c4e130-56df-3890-a045-9e624d86070f.json - it doesn't exist anymore?
[02сент.2025 01:18:08.402] [Server thread/WARN] [net.minecraft.server.PlayerAdvancements/]: Ignored advancement 'ic2:circuit_1_recipe_advancement' in progress file .\WORLD\advancements\83c4e130-56df-3890-a045-9e624d86070f.json - it doesn't exist anymore?
[02сент.2025 01:18:08.403] [Server thread/WARN] [net.minecraft.server.PlayerAdvancements/]: Ignored advancement 'ic2:comparing_cable_recipe_advancement' in progress file .\WORLD\advancements\83c4e130-56df-3890-a045-9e624d86070f.json - it doesn't exist anymore?
[02сент.2025 01:18:08.403] [Server thread/WARN] [net.minecraft.server.PlayerAdvancements/]: Ignored advancement 'ic2:splitter_cable_recipe_advancement' in progress file .\WORLD\advancements\83c4e130-56df-3890-a045-9e624d86070f.json - it doesn't exist anymore?
[02сент.2025 01:18:08.403] [Server thread/WARN] [net.minecraft.server.PlayerAdvancements/]: Ignored advancement 'ic2:redstone_tube_recipe_advancement' in progress file .\WORLD\advancements\83c4e130-56df-3890-a045-9e624d86070f.json - it doesn't exist anymore?
[02сент.2025 01:18:08.404] [Server thread/WARN] [net.minecraft.server.PlayerAdvancements/]: Ignored advancement 'ic2:detector_pipe_recipe_advancement' in progress file .\WORLD\advancements\83c4e130-56df-3890-a045-9e624d86070f.json - it doesn't exist anymore?
[02сент.2025 01:18:08.404] [Server thread/WARN] [net.minecraft.server.PlayerAdvancements/]: Ignored advancement 'ic2:glass_fiber_0_recipe_advancement' in progress file .\WORLD\advancements\83c4e130-56df-3890-a045-9e624d86070f.json - it doesn't exist anymore?
[02сент.2025 01:18:08.404] [Server thread/WARN] [net.minecraft.server.PlayerAdvancements/]: Ignored advancement 'ic2:splitter_pipe_recipe_advancement' in progress file .\WORLD\advancements\83c4e130-56df-3890-a045-9e624d86070f.json - it doesn't exist anymore?
[02сент.2025 01:18:08.405] [Server thread/WARN] [net.minecraft.server.PlayerAdvancements/]: Ignored advancement 'ic2:advanced_circuit_0_recipe_advancement' in progress file .\WORLD\advancements\83c4e130-56df-3890-a045-9e624d86070f.json - it doesn't exist anymore?
[02сент.2025 01:18:08.405] [Server thread/WARN] [net.minecraft.server.PlayerAdvancements/]: Ignored advancement 'ic2:insulated_copper_cable_0_recipe_advancement' in progress file .\WORLD\advancements\83c4e130-56df-3890-a045-9e624d86070f.json - it doesn't exist anymore?
[02сент.2025 01:18:08.405] [Server thread/WARN] [net.minecraft.server.PlayerAdvancements/]: Ignored advancement 'ic2:insulated_copper_cable_1_recipe_advancement' in progress file .\WORLD\advancements\83c4e130-56df-3890-a045-9e624d86070f.json - it doesn't exist anymore?
[02сент.2025 01:18:08.406] [Server thread/WARN] [net.minecraft.server.PlayerAdvancements/]: Ignored advancement 'ic2:copper_cable_recipe_advancement' in progress file .\WORLD\advancements\83c4e130-56df-3890-a045-9e624d86070f.json - it doesn't exist anymore?
[02сент.2025 01:18:08.406] [Server thread/WARN] [net.minecraft.server.PlayerAdvancements/]: Ignored advancement 'ic2:insertion_tube_recipe_advancement' in progress file .\WORLD\advancements\83c4e130-56df-3890-a045-9e624d86070f.json - it doesn't exist anymore?
[02сент.2025 01:18:08.407] [Server thread/WARN] [net.minecraft.server.PlayerAdvancements/]: Ignored advancement 'ic2:insertion_tube_upgrade_recipe_advancement' in progress file .\WORLD\advancements\83c4e130-56df-3890-a045-9e624d86070f.json - it doesn't exist anymore?
[02сент.2025 01:18:08.407] [Server thread/WARN] [net.minecraft.server.PlayerAdvancements/]: Ignored advancement 'ic2:dropping_tube_recipe_advancement' in progress file .\WORLD\advancements\83c4e130-56df-3890-a045-9e624d86070f.json - it doesn't exist anymore?
[02сент.2025 01:18:08.408] [Server thread/WARN] [net.minecraft.server.PlayerAdvancements/]: Ignored advancement 'ic2:teleport_tube_recipe_advancement' in progress file .\WORLD\advancements\83c4e130-56df-3890-a045-9e624d86070f.json - it doesn't exist anymore?
[02сент.2025 01:18:08.408] [Server thread/WARN] [net.minecraft.server.PlayerAdvancements/]: Ignored advancement 'ic2:iridium_plate_recipe_advancement' in progress file .\WORLD\advancements\83c4e130-56df-3890-a045-9e624d86070f.json - it doesn't exist anymore?
[02сент.2025 01:18:08.408] [Server thread/WARN] [net.minecraft.server.PlayerAdvancements/]: Ignored advancement 'ic2:hover_tube_recipe_advancement' in progress file .\WORLD\advancements\83c4e130-56df-3890-a045-9e624d86070f.json - it doesn't exist anymore?
[02сент.2025 01:18:08.408] [Server thread/WARN] [net.minecraft.server.PlayerAdvancements/]: Ignored advancement 'ic2:emerald_uum_recipe_advancement' in progress file .\WORLD\advancements\83c4e130-56df-3890-a045-9e624d86070f.json - it doesn't exist anymore?
[02сент.2025 01:18:08.408] [Server thread/WARN] [net.minecraft.server.PlayerAdvancements/]: Ignored advancement 'ic2:glass_fiber_1_recipe_advancement' in progress file .\WORLD\advancements\83c4e130-56df-3890-a045-9e624d86070f.json - it doesn't exist anymore?
[02сент.2025 01:18:08.408] [Server thread/WARN] [net.minecraft.server.PlayerAdvancements/]: Ignored advancement 'ic2:scrap_metal_blade_recipe_advancement' in progress file .\WORLD\advancements\83c4e130-56df-3890-a045-9e624d86070f.json - it doesn't exist anymore?
[02сент.2025 01:18:08.409] [Server thread/WARN] [net.minecraft.server.PlayerAdvancements/]: Ignored advancement 'ic2:coal_ball_recipe_advancement' in progress file .\WORLD\advancements\83c4e130-56df-3890-a045-9e624d86070f.json - it doesn't exist anymore?
[02сент.2025 01:18:08.409] [Server thread/WARN] [net.minecraft.server.PlayerAdvancements/]: Ignored advancement 'ic2:raw_obsidian_blade_recipe_advancement' in progress file .\WORLD\advancements\83c4e130-56df-3890-a045-9e624d86070f.json - it doesn't exist anymore?
[02сент.2025 01:18:08.409] [Server thread/WARN] [net.minecraft.server.PlayerAdvancements/]: Ignored advancement 'ic2:coffee_cake_recipe_advancement' in progress file .\WORLD\advancements\83c4e130-56df-3890-a045-9e624d86070f.json - it doesn't exist anymore?
[02сент.2025 01:18:08.409] [Server thread/WARN] [net.minecraft.server.PlayerAdvancements/]: Ignored advancement 'ic2:dyeing_tube_recipe_advancement' in progress file .\WORLD\advancements\83c4e130-56df-3890-a045-9e624d86070f.json - it doesn't exist anymore?
[02сент.2025 01:18:08.409] [Server thread/WARN] [net.minecraft.server.PlayerAdvancements/]: Ignored advancement 'ic2:round_robin_recipe_advancement' in progress file .\WORLD\advancements\83c4e130-56df-3890-a045-9e624d86070f.json - it doesn't exist anymore?
[02сент.2025 01:18:08.410] [Server thread/WARN] [net.minecraft.server.PlayerAdvancements/]: Ignored advancement 'ic2:fluid_tube_recipe_advancement' in progress file .\WORLD\advancements\83c4e130-56df-3890-a045-9e624d86070f.json - it doesn't exist anymore?
[02сент.2025 01:18:08.410] [Server thread/WARN] [net.minecraft.server.PlayerAdvancements/]: Ignored advancement 'ic2:tin_can_recipe_advancement' in progress file .\WORLD\advancements\83c4e130-56df-3890-a045-9e624d86070f.json - it doesn't exist anymore?
[02сент.2025 01:18:08.410] [Server thread/WARN] [net.minecraft.server.PlayerAdvancements/]: Ignored advancement 'ic2:filter_tube_recipe_advancement' in progress file .\WORLD\advancements\83c4e130-56df-3890-a045-9e624d86070f.json - it doesn't exist anymore?
[02сент.2025 01:18:08.410] [Server thread/WARN] [net.minecraft.server.PlayerAdvancements/]: Ignored advancement 'ic2:extraction_tube_recipe_advancement' in progress file .\WORLD\advancements\83c4e130-56df-3890-a045-9e624d86070f.json - it doesn't exist anymore?
[02сент.2025 01:18:08.410] [Server thread/WARN] [net.minecraft.server.PlayerAdvancements/]: Ignored advancement 'ic2:switch_tube_recipe_advancement' in progress file .\WORLD\advancements\83c4e130-56df-3890-a045-9e624d86070f.json - it doesn't exist anymore?
[02сент.2025 01:18:08.410] [Server thread/WARN] [net.minecraft.server.PlayerAdvancements/]: Ignored advancement 'ic2:tin_cable_recipe_advancement' in progress file .\WORLD\advancements\83c4e130-56df-3890-a045-9e624d86070f.json - it doesn't exist anymore?
[02сент.2025 01:18:08.410] [Server thread/WARN] [net.minecraft.server.PlayerAdvancements/]: Ignored advancement 'ic2:void_tube_recipe_advancement' in progress file .\WORLD\advancements\83c4e130-56df-3890-a045-9e624d86070f.json - it doesn't exist anymore?
[02сент.2025 01:18:08.410] [Server thread/WARN] [net.minecraft.server.PlayerAdvancements/]: Ignored advancement 'ic2:pickup_tube_recipe_advancement' in progress file .\WORLD\advancements\83c4e130-56df-3890-a045-9e624d86070f.json - it doesn't exist anymore?
[02сент.2025 01:18:08.411] [Server thread/WARN] [net.minecraft.server.PlayerAdvancements/]: Ignored advancement 'ic2:simple_tube_recipe_advancement' in progress file .\WORLD\advancements\83c4e130-56df-3890-a045-9e624d86070f.json - it doesn't exist anymore?
[02сент.2025 01:18:08.411] [Server thread/WARN] [net.minecraft.server.PlayerAdvancements/]: Ignored advancement 'ic2:filtered_extraction_tube_recipe_advancement' in progress file .\WORLD\advancements\83c4e130-56df-3890-a045-9e624d86070f.json - it doesn't exist anymore?
[02сент.2025 01:18:08.411] [Server thread/WARN] [net.minecraft.server.PlayerAdvancements/]: Ignored advancement 'ic2:void_pipe_recipe_advancement' in progress file .\WORLD\advancements\83c4e130-56df-3890-a045-9e624d86070f.json - it doesn't exist anymore?
[02сент.2025 01:18:08.411] [Server thread/WARN] [net.minecraft.server.PlayerAdvancements/]: Ignored advancement 'ic2:capacity_pipe_recipe_advancement' in progress file .\WORLD\advancements\83c4e130-56df-3890-a045-9e624d86070f.json - it doesn't exist anymore?
[02сент.2025 01:18:08.411] [Server thread/WARN] [net.minecraft.server.PlayerAdvancements/]: Ignored advancement 'ic2:glass_recipe_advancement' in progress file .\WORLD\advancements\83c4e130-56df-3890-a045-9e624d86070f.json - it doesn't exist anymore?
[02сент.2025 01:18:08.414] [Server thread/INFO] [net.minecraftforge.common.AdvancementLoadFix/]: Using new advancement loading for net.minecraft.server.PlayerAdvancements@bd21904
[02сент.2025 01:18:08.593] [Server thread/INFO] [net.minecraft.server.players.PlayerList/]: SaiTeRR[/127.0.0.1:60419] logged in with entity id 800 at (6598.518874197985, 91.0, 56.63562998443889)
[02сент.2025 01:18:09.248] [Server thread/INFO] [net.minecraft.server.MinecraftServer/]: SaiTeRR joined the game
[02сент.2025 01:18:09.696] [Server thread/INFO] [Jade/]: Syncing config to SaiTeRR (83c4e130-56df-3890-a045-9e624d86070f)
[02сент.2025 01:18:17.698] [Server thread/INFO] [voicechat/]: [voicechat] Received secret request of SaiTeRR (18)
[02сент.2025 01:18:17.703] [Server thread/INFO] [voicechat/]: [voicechat] Sent secret to SaiTeRR
[02сент.2025 01:18:17.739] [Server thread/WARN] [net.minecraft.server.MinecraftServer/]: Can't keep up! Is the server overloaded? Running 9285ms or 185 ticks behind
[02сент.2025 01:18:35.558] [VoiceChatPacketProcessingThread/INFO] [voicechat/]: [voicechat] Successfully authenticated player 83c4e130-56df-3890-a045-9e624d86070f
[02сент.2025 01:18:36.532] [VoiceChatPacketProcessingThread/INFO] [voicechat/]: [voicechat] Successfully validated connection of player 83c4e130-56df-3890-a045-9e624d86070f
[02сент.2025 01:18:36.547] [VoiceChatPacketProcessingThread/INFO] [voicechat/]: [voicechat] Player SaiTeRR (83c4e130-56df-3890-a045-9e624d86070f) successfully connected to voice chat
[02сент.2025 01:18:40.073] [Server thread/WARN] [net.minecraft.server.MinecraftServer/]: Can't keep up! Is the server overloaded? Running 7369ms or 147 ticks behind
[02сент.2025 01:18:57.543] [Server thread/WARN] [net.minecraft.server.MinecraftServer/]: Can't keep up! Is the server overloaded? Running 2489ms or 49 ticks behind
[02сент.2025 01:19:17.054] [Server thread/WARN] [net.minecraft.server.MinecraftServer/]: Can't keep up! Is the server overloaded? Running 4550ms or 91 ticks behind
[02сент.2025 01:19:36.982] [Server thread/WARN] [net.minecraft.server.MinecraftServer/]: Can't keep up! Is the server overloaded? Running 4928ms or 98 ticks behind
[02сент.2025 01:20:17.946] [Server thread/INFO] [net.minecraft.server.MinecraftServer/]: [SaiTeRR: Teleported SaiTeRR to 0.500000, 91.000000, 0.500000]
[02сент.2025 01:20:23.969] [Server thread/WARN] [net.minecraft.server.MinecraftServer/]: Can't keep up! Is the server overloaded? Running 2014ms or 40 ticks behind
[02сент.2025 01:20:36.016] [Server thread/WARN] [net.minecraft.world.entity.ai.attributes.AttributeMap/]: Ignoring unknown attribute 'arsmagicalegacy:scale'
[02сент.2025 01:20:36.688] [Server thread/WARN] [net.minecraft.world.entity.ai.attributes.AttributeMap/]: Ignoring unknown attribute 'arsmagicalegacy:scale'
[02сент.2025 01:20:46.295] [Server thread/WARN] [net.minecraft.world.entity.ai.attributes.AttributeMap/]: Ignoring unknown attribute 'arsmagicalegacy:scale'
[02сент.2025 01:20:49.191] [Server thread/WARN] [net.minecraft.world.entity.ai.attributes.AttributeMap/]: Ignoring unknown attribute 'arsmagicalegacy:scale'
[02сент.2025 01:20:49.197] [Server thread/WARN] [net.minecraft.world.entity.ai.attributes.AttributeMap/]: Ignoring unknown attribute 'arsmagicalegacy:scale'
[02сент.2025 01:20:49.200] [Server thread/WARN] [net.minecraft.world.entity.ai.attributes.AttributeMap/]: Ignoring unknown attribute 'arsmagicalegacy:scale'
[02сент.2025 01:20:49.266] [Server thread/WARN] [net.minecraft.world.entity.ai.attributes.AttributeMap/]: Ignoring unknown attribute 'arsmagicalegacy:scale'
[02сент.2025 01:20:49.332] [Server thread/WARN] [net.minecraft.world.entity.ai.attributes.AttributeMap/]: Ignoring unknown attribute 'arsmagicalegacy:scale'
[02сент.2025 01:20:49.548] [Server thread/WARN] [net.minecraft.world.entity.ai.attributes.AttributeMap/]: Ignoring unknown attribute 'arsmagicalegacy:scale'
[02сент.2025 01:20:49.550] [Server thread/WARN] [net.minecraft.world.entity.ai.attributes.AttributeMap/]: Ignoring unknown attribute 'arsmagicalegacy:scale'
[02сент.2025 01:20:49.551] [Server thread/WARN] [net.minecraft.world.entity.ai.attributes.AttributeMap/]: Ignoring unknown attribute 'arsmagicalegacy:scale'
[02сент.2025 01:20:49.552] [Server thread/WARN] [net.minecraft.world.entity.ai.attributes.AttributeMap/]: Ignoring unknown attribute 'arsmagicalegacy:scale'
[02сент.2025 01:20:49.552] [Server thread/WARN] [net.minecraft.world.entity.ai.attributes.AttributeMap/]: Ignoring unknown attribute 'arsmagicalegacy:scale'
[02сент.2025 01:20:49.553] [Server thread/WARN] [net.minecraft.world.entity.ai.attributes.AttributeMap/]: Ignoring unknown attribute 'arsmagicalegacy:scale'
[02сент.2025 01:20:49.554] [Server thread/WARN] [net.minecraft.world.entity.ai.attributes.AttributeMap/]: Ignoring unknown attribute 'arsmagicalegacy:scale'
[02сент.2025 01:20:49.555] [Server thread/WARN] [net.minecraft.world.entity.ai.attributes.AttributeMap/]: Ignoring unknown attribute 'arsmagicalegacy:scale'
[02сент.2025 01:20:49.555] [Server thread/WARN] [net.minecraft.world.entity.ai.attributes.AttributeMap/]: Ignoring unknown attribute 'arsmagicalegacy:scale'
[02сент.2025 01:20:49.556] [Server thread/WARN] [net.minecraft.world.entity.ai.attributes.AttributeMap/]: Ignoring unknown attribute 'arsmagicalegacy:scale'
[02сент.2025 01:20:49.560] [Server thread/WARN] [net.minecraft.world.entity.ai.attributes.AttributeMap/]: Ignoring unknown attribute 'arsmagicalegacy:scale'
[02сент.2025 01:20:54.184] [Server thread/WARN] [net.minecraft.server.MinecraftServer/]: Can't keep up! Is the server overloaded? Running 2030ms or 40 ticks behind
[02сент.2025 01:20:56.073] [Server thread/WARN] [net.minecraft.world.entity.ai.attributes.AttributeMap/]: Ignoring unknown attribute 'arsmagicalegacy:scale'
[02сент.2025 01:20:56.132] [Server thread/WARN] [net.minecraft.world.entity.ai.attributes.AttributeMap/]: Ignoring unknown attribute 'arsmagicalegacy:scale'
[02сент.2025 01:20:57.663] [Server thread/WARN] [net.minecraft.world.entity.ai.attributes.AttributeMap/]: Ignoring unknown attribute 'arsmagicalegacy:scale'
[02сент.2025 01:20:57.721] [Server thread/WARN] [net.minecraft.world.entity.ai.attributes.AttributeMap/]: Ignoring unknown attribute 'arsmagicalegacy:scale'
[02сент.2025 01:20:57.722] [Server thread/WARN] [net.minecraft.world.entity.ai.attributes.AttributeMap/]: Ignoring unknown attribute 'arsmagicalegacy:scale'
[02сент.2025 01:20:57.722] [Server thread/WARN] [net.minecraft.world.entity.ai.attributes.AttributeMap/]: Ignoring unknown attribute 'arsmagicalegacy:scale'
[02сент.2025 01:20:57.722] [Server thread/WARN] [net.minecraft.world.entity.ai.attributes.AttributeMap/]: Ignoring unknown attribute 'arsmagicalegacy:scale'
[02сент.2025 01:20:57.723] [Server thread/WARN] [net.minecraft.world.entity.ai.attributes.AttributeMap/]: Ignoring unknown attribute 'arsmagicalegacy:scale'
[02сент.2025 01:20:57.723] [Server thread/WARN] [net.minecraft.world.entity.ai.attributes.AttributeMap/]: Ignoring unknown attribute 'arsmagicalegacy:scale'
[02сент.2025 01:20:57.724] [Server thread/WARN] [net.minecraft.world.entity.ai.attributes.AttributeMap/]: Ignoring unknown attribute 'arsmagicalegacy:scale'
[02сент.2025 01:20:57.725] [Server thread/WARN] [net.minecraft.world.entity.ai.attributes.AttributeMap/]: Ignoring unknown attribute 'arsmagicalegacy:scale'
[02сент.2025 01:20:57.725] [Server thread/WARN] [net.minecraft.world.entity.ai.attributes.AttributeMap/]: Ignoring unknown attribute 'arsmagicalegacy:scale'
[02сент.2025 01:20:57.725] [Server thread/WARN] [net.minecraft.world.entity.ai.attributes.AttributeMap/]: Ignoring unknown attribute 'arsmagicalegacy:scale'
[02сент.2025 01:20:57.726] [Server thread/WARN] [net.minecraft.world.entity.ai.attributes.AttributeMap/]: Ignoring unknown attribute 'arsmagicalegacy:scale'
[02сент.2025 01:20:57.727] [Server thread/WARN] [net.minecraft.world.entity.ai.attributes.AttributeMap/]: Ignoring unknown attribute 'arsmagicalegacy:scale'
[02сент.2025 01:20:57.727] [Server thread/WARN] [net.minecraft.world.entity.ai.attributes.AttributeMap/]: Ignoring unknown attribute 'arsmagicalegacy:scale'
[02сент.2025 01:20:57.728] [Server thread/WARN] [net.minecraft.world.entity.ai.attributes.AttributeMap/]: Ignoring unknown attribute 'arsmagicalegacy:scale'
[02сент.2025 01:20:57.728] [Server thread/WARN] [net.minecraft.world.entity.ai.attributes.AttributeMap/]: Ignoring unknown attribute 'arsmagicalegacy:scale'
[02сент.2025 01:20:57.729] [Server thread/WARN] [net.minecraft.world.entity.ai.attributes.AttributeMap/]: Ignoring unknown attribute 'arsmagicalegacy:scale'
[02сент.2025 01:20:57.729] [Server thread/WARN] [net.minecraft.world.entity.ai.attributes.AttributeMap/]: Ignoring unknown attribute 'arsmagicalegacy:scale'
[02сент.2025 01:20:57.730] [Server thread/WARN] [net.minecraft.world.entity.ai.attributes.AttributeMap/]: Ignoring unknown attribute 'arsmagicalegacy:scale'
[02сент.2025 01:20:57.730] [Server thread/WARN] [net.minecraft.world.entity.ai.attributes.AttributeMap/]: Ignoring unknown attribute 'arsmagicalegacy:scale'
[02сент.2025 01:20:57.731] [Server thread/WARN] [net.minecraft.world.entity.ai.attributes.AttributeMap/]: Ignoring unknown attribute 'arsmagicalegacy:scale'
[02сент.2025 01:20:57.731] [Server thread/WARN] [net.minecraft.world.entity.ai.attributes.AttributeMap/]: Ignoring unknown attribute 'arsmagicalegacy:scale'
[02сент.2025 01:20:57.732] [Server thread/WARN] [net.minecraft.world.entity.ai.attributes.AttributeMap/]: Ignoring unknown attribute 'arsmagicalegacy:scale'
[02сент.2025 01:20:57.733] [Server thread/WARN] [net.minecraft.world.entity.ai.attributes.AttributeMap/]: Ignoring unknown attribute 'arsmagicalegacy:scale'
[02сент.2025 01:20:57.733] [Server thread/WARN] [net.minecraft.world.entity.ai.attributes.AttributeMap/]: Ignoring unknown attribute 'arsmagicalegacy:scale'
[02сент.2025 01:20:57.734] [Server thread/WARN] [net.minecraft.world.entity.ai.attributes.AttributeMap/]: Ignoring unknown attribute 'arsmagicalegacy:scale'
[02сент.2025 01:20:57.739] [Server thread/WARN] [net.minecraft.world.entity.ai.attributes.AttributeMap/]: Ignoring unknown attribute 'arsmagicalegacy:scale'
[02сент.2025 01:20:57.743] [Server thread/WARN] [net.minecraft.world.entity.ai.attributes.AttributeMap/]: Ignoring unknown attribute 'arsmagicalegacy:scale'
[02сент.2025 01:20:57.745] [Server thread/WARN] [net.minecraft.world.entity.ai.attributes.AttributeMap/]: Ignoring unknown attribute 'arsmagicalegacy:scale'
[02сент.2025 01:20:57.748] [Server thread/WARN] [net.minecraft.world.entity.ai.attributes.AttributeMap/]: Ignoring unknown attribute 'arsmagicalegacy:scale'
[02сент.2025 01:20:57.873] [Server thread/WARN] [net.minecraft.world.entity.ai.attributes.AttributeMap/]: Ignoring unknown attribute 'arsmagicalegacy:scale'
[02сент.2025 01:20:57.873] [Server thread/WARN] [net.minecraft.world.entity.ai.attributes.AttributeMap/]: Ignoring unknown attribute 'arsmagicalegacy:scale'
[02сент.2025 01:20:57.873] [Server thread/WARN] [net.minecraft.world.entity.ai.attributes.AttributeMap/]: Ignoring unknown attribute 'arsmagicalegacy:scale'
[02сент.2025 01:20:57.874] [Server thread/WARN] [net.minecraft.world.entity.ai.attributes.AttributeMap/]: Ignoring unknown attribute 'arsmagicalegacy:scale'
[02сент.2025 01:20:57.874] [Server thread/WARN] [net.minecraft.world.entity.ai.attributes.AttributeMap/]: Ignoring unknown attribute 'arsmagicalegacy:scale'
[02сент.2025 01:20:57.875] [Server thread/WARN] [net.minecraft.world.entity.ai.attributes.AttributeMap/]: Ignoring unknown attribute 'arsmagicalegacy:scale'
[02сент.2025 01:20:57.875] [Server thread/WARN] [net.minecraft.world.entity.ai.attributes.AttributeMap/]: Ignoring unknown attribute 'arsmagicalegacy:scale'
[02сент.2025 01:20:57.875] [Server thread/WARN] [net.minecraft.world.entity.ai.attributes.AttributeMap/]: Ignoring unknown attribute 'arsmagicalegacy:scale'
[02сент.2025 01:20:57.875] [Server thread/WARN] [net.minecraft.world.entity.ai.attributes.AttributeMap/]: Ignoring unknown attribute 'arsmagicalegacy:scale'
[02сент.2025 01:20:57.876] [Server thread/WARN] [net.minecraft.world.entity.ai.attributes.AttributeMap/]: Ignoring unknown attribute 'arsmagicalegacy:scale'
[02сент.2025 01:20:57.876] [Server thread/WARN] [net.minecraft.world.entity.ai.attributes.AttributeMap/]: Ignoring unknown attribute 'arsmagicalegacy:scale'
[02сент.2025 01:20:57.876] [Server thread/WARN] [net.minecraft.world.entity.ai.attributes.AttributeMap/]: Ignoring unknown attribute 'arsmagicalegacy:scale'
[02сент.2025 01:20:57.878] [Server thread/WARN] [net.minecraft.world.entity.ai.attributes.AttributeMap/]: Ignoring unknown attribute 'arsmagicalegacy:scale'
[02сент.2025 01:20:57.878] [Server thread/WARN] [net.minecraft.world.entity.ai.attributes.AttributeMap/]: Ignoring unknown attribute 'arsmagicalegacy:scale'
[02сент.2025 01:20:57.879] [Server thread/WARN] [net.minecraft.world.entity.ai.attributes.AttributeMap/]: Ignoring unknown attribute 'arsmagicalegacy:scale'
[02сент.2025 01:20:57.879] [Server thread/WARN] [net.minecraft.world.entity.ai.attributes.AttributeMap/]: Ignoring unknown attribute 'arsmagicalegacy:scale'
[02сент.2025 01:20:57.880] [Server thread/WARN] [net.minecraft.world.entity.ai.attributes.AttributeMap/]: Ignoring unknown attribute 'arsmagicalegacy:scale'
[02сент.2025 01:20:57.880] [Server thread/WARN] [net.minecraft.world.entity.ai.attributes.AttributeMap/]: Ignoring unknown attribute 'arsmagicalegacy:scale'
[02сент.2025 01:20:57.881] [Server thread/WARN] [net.minecraft.world.entity.ai.attributes.AttributeMap/]: Ignoring unknown attribute 'arsmagicalegacy:scale'
[02сент.2025 01:20:57.881] [Server thread/WARN] [net.minecraft.world.entity.ai.attributes.AttributeMap/]: Ignoring unknown attribute 'arsmagicalegacy:scale'
[02сент.2025 01:20:57.882] [Server thread/WARN] [net.minecraft.world.entity.ai.attributes.AttributeMap/]: Ignoring unknown attribute 'arsmagicalegacy:scale'
[02сент.2025 01:20:57.882] [Server thread/WARN] [net.minecraft.world.entity.ai.attributes.AttributeMap/]: Ignoring unknown attribute 'arsmagicalegacy:scale'
[02сент.2025 01:20:57.883] [Server thread/WARN] [net.minecraft.world.entity.ai.attributes.AttributeMap/]: Ignoring unknown attribute 'arsmagicalegacy:scale'
[02сент.2025 01:20:57.883] [Server thread/WARN] [net.minecraft.world.entity.ai.attributes.AttributeMap/]: Ignoring unknown attribute 'arsmagicalegacy:scale'
[02сент.2025 01:20:57.883] [Server thread/WARN] [net.minecraft.world.entity.ai.attributes.AttributeMap/]: Ignoring unknown attribute 'arsmagicalegacy:scale'
[02сент.2025 01:20:57.884] [Server thread/WARN] [net.minecraft.world.entity.ai.attributes.AttributeMap/]: Ignoring unknown attribute 'arsmagicalegacy:scale'
[02сент.2025 01:20:57.884] [Server thread/WARN] [net.minecraft.world.entity.ai.attributes.AttributeMap/]: Ignoring unknown attribute 'arsmagicalegacy:scale'
[02сент.2025 01:20:57.884] [Server thread/WARN] [net.minecraft.world.entity.ai.attributes.AttributeMap/]: Ignoring unknown attribute 'arsmagicalegacy:scale'
[02сент.2025 01:20:57.885] [Server thread/WARN] [net.minecraft.world.entity.ai.attributes.AttributeMap/]: Ignoring unknown attribute 'arsmagicalegacy:scale'
[02сент.2025 01:20:57.885] [Server thread/WARN] [net.minecraft.world.entity.ai.attributes.AttributeMap/]: Ignoring unknown attribute 'arsmagicalegacy:scale'
[02сент.2025 01:20:57.885] [Server thread/WARN] [net.minecraft.world.entity.ai.attributes.AttributeMap/]: Ignoring unknown attribute 'arsmagicalegacy:scale'
[02сент.2025 01:20:57.886] [Server thread/WARN] [net.minecraft.world.entity.ai.attributes.AttributeMap/]: Ignoring unknown attribute 'arsmagicalegacy:scale'
[02сент.2025 01:20:57.888] [Server thread/WARN] [net.minecraft.world.entity.ai.attributes.AttributeMap/]: Ignoring unknown attribute 'arsmagicalegacy:scale'
[02сент.2025 01:20:57.891] [Server thread/WARN] [net.minecraft.world.entity.ai.attributes.AttributeMap/]: Ignoring unknown attribute 'arsmagicalegacy:scale'
[02сент.2025 01:20:59.183] [Server thread/WARN] [net.minecraft.world.entity.ai.attributes.AttributeMap/]: Ignoring unknown attribute 'arsmagicalegacy:scale'
[02сент.2025 01:20:59.211] [Server thread/WARN] [net.minecraft.network.syncher.SynchedEntityData/]: defineId called for: class forge.net.mca.entity.ZombieVillagerEntityMCA from class forge.net.mca.util.network.datasync.CDataParameter
[02сент.2025 01:20:59.211] [Server thread/WARN] [net.minecraft.network.syncher.SynchedEntityData/]: defineId called for: class forge.net.mca.entity.ZombieVillagerEntityMCA from class forge.net.mca.util.network.datasync.CDataParameter
[02сент.2025 01:20:59.212] [Server thread/WARN] [net.minecraft.network.syncher.SynchedEntityData/]: defineId called for: class forge.net.mca.entity.ZombieVillagerEntityMCA from class forge.net.mca.util.network.datasync.CDataParameter
[02сент.2025 01:20:59.215] [Server thread/WARN] [net.minecraft.network.syncher.SynchedEntityData/]: defineId called for: class forge.net.mca.entity.ZombieVillagerEntityMCA from class forge.net.mca.util.network.datasync.CDataParameter
[02сент.2025 01:20:59.215] [Server thread/WARN] [net.minecraft.network.syncher.SynchedEntityData/]: defineId called for: class forge.net.mca.entity.ZombieVillagerEntityMCA from class forge.net.mca.util.network.datasync.CDataParameter
[02сент.2025 01:20:59.215] [Server thread/WARN] [net.minecraft.network.syncher.SynchedEntityData/]: defineId called for: class forge.net.mca.entity.ZombieVillagerEntityMCA from class forge.net.mca.util.network.datasync.CDataParameter
[02сент.2025 01:20:59.215] [Server thread/WARN] [net.minecraft.network.syncher.SynchedEntityData/]: defineId called for: class forge.net.mca.entity.ZombieVillagerEntityMCA from class forge.net.mca.util.network.datasync.CDataParameter
[02сент.2025 01:20:59.215] [Server thread/WARN] [net.minecraft.network.syncher.SynchedEntityData/]: defineId called for: class forge.net.mca.entity.ZombieVillagerEntityMCA from class forge.net.mca.util.network.datasync.CEnumParameter
[02сент.2025 01:20:59.216] [Server thread/WARN] [net.minecraft.network.syncher.SynchedEntityData/]: defineId called for: class forge.net.mca.entity.ZombieVillagerEntityMCA from class forge.net.mca.util.network.datasync.CDataParameter
[02сент.2025 01:20:59.216] [Server thread/WARN] [net.minecraft.network.syncher.SynchedEntityData/]: defineId called for: class forge.net.mca.entity.ZombieVillagerEntityMCA from class forge.net.mca.util.network.datasync.CDataParameter
[02сент.2025 01:20:59.216] [Server thread/WARN] [net.minecraft.network.syncher.SynchedEntityData/]: defineId called for: class forge.net.mca.entity.ZombieVillagerEntityMCA from class forge.net.mca.util.network.datasync.CDataParameter
[02сент.2025 01:20:59.218] [Server thread/WARN] [net.minecraft.network.syncher.SynchedEntityData/]: defineId called for: class forge.net.mca.entity.ZombieVillagerEntityMCA from class forge.net.mca.util.network.datasync.CDataParameter
[02сент.2025 01:20:59.218] [Server thread/WARN] [net.minecraft.network.syncher.SynchedEntityData/]: defineId called for: class forge.net.mca.entity.ZombieVillagerEntityMCA from class forge.net.mca.util.network.datasync.CDataParameter
[02сент.2025 01:20:59.219] [Server thread/WARN] [net.minecraft.network.syncher.SynchedEntityData/]: defineId called for: class forge.net.mca.entity.ZombieVillagerEntityMCA from class forge.net.mca.util.network.datasync.CDataParameter
[02сент.2025 01:20:59.219] [Server thread/WARN] [net.minecraft.network.syncher.SynchedEntityData/]: defineId called for: class forge.net.mca.entity.ZombieVillagerEntityMCA from class forge.net.mca.util.network.datasync.CDataParameter
[02сент.2025 01:20:59.219] [Server thread/WARN] [net.minecraft.network.syncher.SynchedEntityData/]: defineId called for: class forge.net.mca.entity.ZombieVillagerEntityMCA from class forge.net.mca.util.network.datasync.CDataParameter
[02сент.2025 01:20:59.220] [Server thread/WARN] [net.minecraft.network.syncher.SynchedEntityData/]: defineId called for: class forge.net.mca.entity.ZombieVillagerEntityMCA from class forge.net.mca.util.network.datasync.CDataParameter
[02сент.2025 01:20:59.220] [Server thread/WARN] [net.minecraft.network.syncher.SynchedEntityData/]: defineId called for: class forge.net.mca.entity.ZombieVillagerEntityMCA from class forge.net.mca.util.network.datasync.CDataParameter
[02сент.2025 01:20:59.220] [Server thread/WARN] [net.minecraft.network.syncher.SynchedEntityData/]: defineId called for: class forge.net.mca.entity.ZombieVillagerEntityMCA from class forge.net.mca.util.network.datasync.CDataParameter
[02сент.2025 01:20:59.222] [Server thread/WARN] [net.minecraft.network.syncher.SynchedEntityData/]: defineId called for: class forge.net.mca.entity.ZombieVillagerEntityMCA from class forge.net.mca.util.network.datasync.CEnumParameter
[02сент.2025 01:20:59.222] [Server thread/WARN] [net.minecraft.network.syncher.SynchedEntityData/]: defineId called for: class forge.net.mca.entity.ZombieVillagerEntityMCA from class forge.net.mca.util.network.datasync.CDataParameter
[02сент.2025 01:20:59.223] [Server thread/WARN] [net.minecraft.network.syncher.SynchedEntityData/]: defineId called for: class forge.net.mca.entity.ZombieVillagerEntityMCA from class forge.net.mca.util.network.datasync.CDataParameter
[02сент.2025 01:20:59.223] [Server thread/WARN] [net.minecraft.network.syncher.SynchedEntityData/]: defineId called for: class forge.net.mca.entity.ZombieVillagerEntityMCA from class forge.net.mca.util.network.datasync.CEnumParameter
[02сент.2025 01:20:59.223] [Server thread/WARN] [net.minecraft.network.syncher.SynchedEntityData/]: defineId called for: class forge.net.mca.entity.ZombieVillagerEntityMCA from class forge.net.mca.util.network.datasync.CDataParameter
[02сент.2025 01:20:59.225] [Server thread/WARN] [net.minecraft.network.syncher.SynchedEntityData/]: defineId called for: class forge.net.mca.entity.ZombieVillagerEntityMCA from class forge.net.mca.util.network.datasync.CEnumParameter
[02сент.2025 01:20:59.225] [Server thread/WARN] [net.minecraft.network.syncher.SynchedEntityData/]: defineId called for: class forge.net.mca.entity.ZombieVillagerEntityMCA from class forge.net.mca.util.network.datasync.CEnumParameter
[02сент.2025 01:20:59.225] [Server thread/WARN] [net.minecraft.network.syncher.SynchedEntityData/]: defineId called for: class forge.net.mca.entity.ZombieVillagerEntityMCA from class forge.net.mca.util.network.datasync.CDataParameter
[02сент.2025 01:20:59.226] [Server thread/WARN] [net.minecraft.network.syncher.SynchedEntityData/]: defineId called for: class forge.net.mca.entity.ZombieVillagerEntityMCA from class forge.net.mca.util.network.datasync.CDataParameter
[02сент.2025 01:20:59.226] [Server thread/WARN] [net.minecraft.network.syncher.SynchedEntityData/]: defineId called for: class forge.net.mca.entity.ZombieVillagerEntityMCA from class forge.net.mca.util.network.datasync.CDataParameter
[02сент.2025 01:20:59.226] [Server thread/WARN] [net.minecraft.network.syncher.SynchedEntityData/]: defineId called for: class forge.net.mca.entity.ZombieVillagerEntityMCA from class forge.net.mca.util.network.datasync.CDataParameter
[02сент.2025 01:20:59.228] [Server thread/WARN] [net.minecraft.network.syncher.SynchedEntityData/]: defineId called for: class forge.net.mca.entity.ZombieVillagerEntityMCA from class forge.net.mca.util.network.datasync.CDataParameter
[02сент.2025 01:20:59.228] [Server thread/WARN] [net.minecraft.network.syncher.SynchedEntityData/]: defineId called for: class forge.net.mca.entity.ZombieVillagerEntityMCA from class forge.net.mca.util.network.datasync.CDataParameter
[02сент.2025 01:20:59.230] [Server thread/WARN] [net.minecraft.network.syncher.SynchedEntityData/]: defineId called for: class forge.net.mca.entity.ZombieVillagerEntityMCA from class forge.net.mca.util.network.datasync.CDataParameter
[02сент.2025 01:20:59.230] [Server thread/WARN] [net.minecraft.network.syncher.SynchedEntityData/]: defineId called for: class forge.net.mca.entity.ZombieVillagerEntityMCA from class forge.net.mca.util.network.datasync.CDataParameter
[02сент.2025 01:20:59.231] [Server thread/WARN] [net.minecraft.network.syncher.SynchedEntityData/]: defineId called for: class forge.net.mca.entity.ZombieVillagerEntityMCA from class forge.net.mca.util.network.datasync.CDataParameter
[02сент.2025 01:20:59.231] [Server thread/WARN] [net.minecraft.network.syncher.SynchedEntityData/]: defineId called for: class forge.net.mca.entity.ZombieVillagerEntityMCA from class forge.net.mca.util.network.datasync.CDataParameter
[02сент.2025 01:20:59.232] [Server thread/WARN] [net.minecraft.network.syncher.SynchedEntityData/]: defineId called for: class forge.net.mca.entity.ZombieVillagerEntityMCA from class forge.net.mca.util.network.datasync.CDataParameter
[02сент.2025 01:20:59.233] [Server thread/WARN] [net.minecraft.world.entity.ai.attributes.AttributeMap/]: Ignoring unknown attribute 'arsmagicalegacy:scale'
[02сент.2025 01:20:59.901] [Server thread/WARN] [net.minecraft.world.entity.ai.attributes.AttributeMap/]: Ignoring unknown attribute 'arsmagicalegacy:scale'
[02сент.2025 01:20:59.904] [Server thread/WARN] [net.minecraft.world.entity.ai.attributes.AttributeMap/]: Ignoring unknown attribute 'arsmagicalegacy:scale'
[02сент.2025 01:21:06.220] [Server thread/WARN] [net.minecraft.world.entity.ai.attributes.AttributeMap/]: Ignoring unknown attribute 'arsmagicalegacy:scale'
[02сент.2025 01:21:06.519] [Server thread/WARN] [net.minecraft.world.entity.ai.attributes.AttributeMap/]: Ignoring unknown attribute 'arsmagicalegacy:scale'
[02сент.2025 01:21:06.864] [Server thread/WARN] [net.minecraft.world.entity.ai.attributes.AttributeMap/]: Ignoring unknown attribute 'arsmagicalegacy:scale'
[02сент.2025 01:21:06.870] [Server thread/WARN] [net.minecraft.world.entity.ai.attributes.AttributeMap/]: Ignoring unknown attribute 'arsmagicalegacy:scale'
[02сент.2025 01:21:06.873] [Server thread/WARN] [net.minecraft.world.entity.ai.attributes.AttributeMap/]: Ignoring unknown attribute 'arsmagicalegacy:scale'
[02сент.2025 01:21:06.876] [Server thread/WARN] [net.minecraft.world.entity.ai.attributes.AttributeMap/]: Ignoring unknown attribute 'arsmagicalegacy:scale'
[02сент.2025 01:21:06.882] [Server thread/WARN] [net.minecraft.world.entity.ai.attributes.AttributeMap/]: Ignoring unknown attribute 'arsmagicalegacy:scale'
[02сент.2025 01:21:06.900] [Server thread/WARN] [net.minecraft.world.entity.ai.attributes.AttributeMap/]: Ignoring unknown attribute 'arsmagicalegacy:scale'
[02сент.2025 01:21:06.903] [Server thread/WARN] [net.minecraft.world.entity.ai.attributes.AttributeMap/]: Ignoring unknown attribute 'arsmagicalegacy:scale'
[02сент.2025 01:21:06.906] [Server thread/WARN] [net.minecraft.world.entity.ai.attributes.AttributeMap/]: Ignoring unknown attribute 'arsmagicalegacy:scale'
[02сент.2025 01:21:06.908] [Server thread/WARN] [net.minecraft.world.entity.ai.attributes.AttributeMap/]: Ignoring unknown attribute 'arsmagicalegacy:scale'
[02сент.2025 01:21:06.912] [Server thread/WARN] [net.minecraft.world.entity.ai.attributes.AttributeMap/]: Ignoring unknown attribute 'arsmagicalegacy:scale'
[02сент.2025 01:21:06.981] [Server thread/WARN] [net.minecraft.world.entity.ai.attributes.AttributeMap/]: Ignoring unknown attribute 'arsmagicalegacy:scale'
[02сент.2025 01:21:07.043] [Server thread/WARN] [net.minecraft.world.entity.ai.attributes.AttributeMap/]: Ignoring unknown attribute 'arsmagicalegacy:scale'
[02сент.2025 01:21:08.025] [Server thread/WARN] [net.minecraft.world.level.block.entity.BlockEntity/]: Skipping BlockEntity with id arsmagicalegacy:altar_view
[02сент.2025 01:21:08.346] [Server thread/WARN] [net.minecraft.world.entity.ai.attributes.AttributeMap/]: Ignoring unknown attribute 'arsmagicalegacy:scale'
[02сент.2025 01:21:08.347] [Server thread/WARN] [net.minecraft.world.entity.ai.attributes.AttributeMap/]: Ignoring unknown attribute 'arsmagicalegacy:scale'
[02сент.2025 01:21:11.970] [Server thread/WARN] [net.minecraft.world.entity.ai.attributes.AttributeMap/]: Ignoring unknown attribute 'arsmagicalegacy:scale'
[02сент.2025 01:21:12.323] [Server thread/WARN] [net.minecraft.world.entity.ai.attributes.AttributeMap/]: Ignoring unknown attribute 'arsmagicalegacy:scale'
[02сент.2025 01:21:12.611] [Server thread/WARN] [net.minecraft.world.entity.ai.attributes.AttributeMap/]: Ignoring unknown attribute 'arsmagicalegacy:scale'
[02сент.2025 01:21:18.737] [Server thread/WARN] [net.minecraft.server.MinecraftServer/]: Can't keep up! Is the server overloaded? Running 9583ms or 191 ticks behind
[02сент.2025 01:21:37.040] [Server thread/WARN] [net.minecraft.server.MinecraftServer/]: Can't keep up! Is the server overloaded? Running 3336ms or 66 ticks behind
[02сент.2025 01:21:37.281] [Server thread/WARN] [net.minecraft.world.entity.ai.attributes.AttributeMap/]: Ignoring unknown attribute 'arsmagicalegacy:scale'
[02сент.2025 01:21:43.271] [Server thread/WARN] [net.minecraft.world.entity.ai.attributes.AttributeMap/]: Ignoring unknown attribute 'arsmagicalegacy:scale'
[02сент.2025 01:21:45.090] [Server thread/WARN] [net.minecraft.world.entity.ai.attributes.AttributeMap/]: Ignoring unknown attribute 'arsmagicalegacy:scale'
[02сент.2025 01:21:45.780] [Server thread/WARN] [net.minecraft.world.entity.ai.attributes.AttributeMap/]: Ignoring unknown attribute 'arsmagicalegacy:scale'
[02сент.2025 01:21:46.315] [Server thread/WARN] [net.minecraft.world.entity.ai.attributes.AttributeMap/]: Ignoring unknown attribute 'arsmagicalegacy:scale'
[02сент.2025 01:21:47.700] [Server thread/WARN] [net.minecraft.world.entity.ai.attributes.AttributeMap/]: Ignoring unknown attribute 'arsmagicalegacy:scale'
[02сент.2025 01:21:59.994] [Server thread/WARN] [net.minecraft.world.entity.ai.attributes.AttributeMap/]: Ignoring unknown attribute 'arsmagicalegacy:scale'
[02сент.2025 01:22:23.015] [Server thread/WARN] [net.minecraft.server.MinecraftServer/]: Can't keep up! Is the server overloaded? Running 2011ms or 40 ticks behind
[02сент.2025 01:22:31.953] [Server thread/WARN] [net.minecraft.world.entity.ai.attributes.AttributeMap/]: Ignoring unknown attribute 'arsmagicalegacy:scale'
[02сент.2025 01:22:39.758] [Server thread/INFO] [net.minecraft.world.entity.npc.Villager/]: Villager VillagerEntityMCA['Ronit'/1831, l='ServerLevel[open-beta]', x=-293.95, y=104.00, z=-36.50] died, message: 'Ronit was slain by Decaying Zombie'
[02сент.2025 01:22:39.761] [Server thread/INFO] [net.minecraft.world.entity.LivingEntity/]: Named entity VillagerEntityMCA['Ronit'/1831, l='ServerLevel[open-beta]', x=-293.95, y=104.00, z=-36.50] died: Ronit was slain by Decaying Zombie
[02сент.2025 01:22:40.628] [Server thread/WARN] [net.minecraft.server.MinecraftServer/]: Can't keep up! Is the server overloaded? Running 2624ms or 52 ticks behind
[02сент.2025 01:22:58.999] [Server thread/WARN] [net.minecraft.server.MinecraftServer/]: Can't keep up! Is the server overloaded? Running 3395ms or 67 ticks behind
[02сент.2025 01:23:19.512] [Server thread/WARN] [net.minecraft.server.MinecraftServer/]: Can't keep up! Is the server overloaded? Running 5558ms or 111 ticks behind
[02сент.2025 01:23:38.902] [Server thread/WARN] [net.minecraft.server.MinecraftServer/]: Can't keep up! Is the server overloaded? Running 4399ms or 87 ticks behind
[02сент.2025 01:23:59.789] [Server thread/WARN] [net.minecraft.server.MinecraftServer/]: Can't keep up! Is the server overloaded? Running 2086ms or 41 ticks behind
[02сент.2025 01:24:21.360] [Server thread/WARN] [net.minecraft.server.MinecraftServer/]: Can't keep up! Is the server overloaded? Running 6606ms or 132 ticks behind
[02сент.2025 01:24:48.115] [Server thread/WARN] [net.minecraft.server.MinecraftServer/]: Can't keep up! Is the server overloaded? Running 2162ms or 43 ticks behind
[02сент.2025 01:25:08.677] [Server thread/WARN] [net.minecraft.server.MinecraftServer/]: Can't keep up! Is the server overloaded? Running 5573ms or 111 ticks behind
[02сент.2025 01:25:27.546] [Server thread/WARN] [net.minecraft.server.MinecraftServer/]: Can't keep up! Is the server overloaded? Running 2342ms or 46 ticks behind
[02сент.2025 01:26:29.206] [Server thread/WARN] [net.minecraft.server.MinecraftServer/]: Can't keep up! Is the server overloaded? Running 2002ms or 40 ticks behind
[02сент.2025 01:26:48.237] [Server thread/WARN] [net.minecraft.server.MinecraftServer/]: Can't keep up! Is the server overloaded? Running 4033ms or 80 ticks behind
[02сент.2025 01:27:06.811] [Server thread/WARN] [net.minecraft.server.MinecraftServer/]: Can't keep up! Is the server overloaded? Running 3607ms or 72 ticks behind
[02сент.2025 01:27:34.750] [Server thread/WARN] [net.minecraft.server.MinecraftServer/]: Can't keep up! Is the server overloaded? Running 2146ms or 42 ticks behind
[02сент.2025 01:28:18.065] [Server thread/WARN] [net.minecraft.server.MinecraftServer/]: Can't keep up! Is the server overloaded? Running 2110ms or 42 ticks behind
[02сент.2025 01:28:39.580] [Server thread/WARN] [net.minecraft.server.MinecraftServer/]: Can't keep up! Is the server overloaded? Running 6526ms or 130 ticks behind
[02сент.2025 01:29:38.621] [Server thread/WARN] [net.minecraft.server.MinecraftServer/]: Can't keep up! Is the server overloaded? Running 2117ms or 42 ticks behind
[02сент.2025 01:29:59.504] [Server thread/WARN] [net.minecraft.server.MinecraftServer/]: Can't keep up! Is the server overloaded? Running 2150ms or 43 ticks behind
[02сент.2025 01:30:21.510] [Server thread/WARN] [net.minecraft.server.MinecraftServer/]: Can't keep up! Is the server overloaded? Running 7006ms or 140 ticks behind
[02сент.2025 01:30:41.551] [Server thread/WARN] [net.minecraft.server.MinecraftServer/]: Can't keep up! Is the server overloaded? Running 5047ms or 100 ticks behind
[02сент.2025 01:32:52.179] [Server thread/WARN] [net.minecraft.server.MinecraftServer/]: Can't keep up! Is the server overloaded? Running 2024ms or 40 ticks behind
[02сент.2025 01:33:11.039] [Server thread/WARN] [net.minecraft.server.MinecraftServer/]: Can't keep up! Is the server overloaded? Running 3885ms or 77 ticks behind
[02сент.2025 01:33:32.528] [Server thread/WARN] [net.minecraft.server.MinecraftServer/]: Can't keep up! Is the server overloaded? Running 6524ms or 130 ticks behind
[02сент.2025 01:34:11.129] [Server thread/WARN] [net.minecraft.server.MinecraftServer/]: Can't keep up! Is the server overloaded? Running 2074ms or 41 ticks behind
[02сент.2025 01:34:44.374] [luckperms-command-executor/INFO] [net.minecraft.server.MinecraftServer/]: [LP] Установить luckperms.* в true для saiterr в контексте global.
[02сент.2025 01:34:46.509] [Server thread/WARN] [net.minecraft.server.MinecraftServer/]: Can't keep up! Is the server overloaded? Running 2055ms or 41 ticks behind
[02сент.2025 01:35:03.718] [Server thread/WARN] [net.minecraft.server.MinecraftServer/]: Can't keep up! Is the server overloaded? Running 2215ms or 44 ticks behind
[02сент.2025 01:35:22.686] [Server thread/WARN] [net.minecraft.server.MinecraftServer/]: Can't keep up! Is the server overloaded? Running 3982ms or 79 ticks behind
[02сент.2025 01:35:24.151] [luckperms-command-executor/INFO] [net.minecraft.server.MinecraftServer/]: [LP] ЛОГ > (SaiTeRR) [G] (users)
[02сент.2025 01:35:24.154] [luckperms-command-executor/INFO] [net.minecraft.server.MinecraftServer/]: [LP] ЛОГ > create
[02сент.2025 01:35:44.509] [Server thread/WARN] [net.minecraft.server.MinecraftServer/]: Can't keep up! Is the server overloaded? Running 6855ms or 137 ticks behind
[02сент.2025 01:35:53.388] [luckperms-command-executor/WARN] [luckperms/]: An exception was thrown by me.lucko.luckperms.forge.context.ForgePlayerCalculator whilst estimating potential contexts
java.lang.NoClassDefFoundError: net/minecraft/core/registries/Registries
	at me.lucko.luckperms.forge.context.ForgePlayerCalculator.estimatePotentialContexts(ForgePlayerCalculator.java:105) ~[?:?]
	at me.lucko.luckperms.common.context.manager.ContextManager.getPotentialContexts(ContextManager.java:182) ~[?:?]
	at me.lucko.luckperms.common.webeditor.WebEditorRequest.generate(WebEditorRequest.java:135) ~[?:?]
	at me.lucko.luckperms.common.webeditor.WebEditorSession.createAndOpen(WebEditorSession.java:60) ~[?:?]
	at me.lucko.luckperms.common.commands.generic.other.HolderEditor.execute(HolderEditor.java:88) ~[?:?]
	at me.lucko.luckperms.common.commands.generic.other.HolderEditor.execute(HolderEditor.java:53) ~[?:?]
	at me.lucko.luckperms.common.command.abstraction.ParentCommand.execute(ParentCommand.java:108) ~[?:?]
	at me.lucko.luckperms.common.command.abstraction.ParentCommand.execute(ParentCommand.java:45) ~[?:?]
	at me.lucko.luckperms.common.command.CommandManager.execute(CommandManager.java:275) ~[?:?]
	at me.lucko.luckperms.common.command.CommandManager.lambda$executeCommand$1(CommandManager.java:179) ~[?:?]
	at java.util.concurrent.CompletableFuture$AsyncRun.run(CompletableFuture.java:1804) ~[?:?]
	at java.util.concurrent.ThreadPoolExecutor.runWorker(ThreadPoolExecutor.java:1144) ~[?:?]
	at java.util.concurrent.ThreadPoolExecutor$Worker.run(ThreadPoolExecutor.java:642) ~[?:?]
	at java.lang.Thread.run(Thread.java:1583) [?:?]
Caused by: java.lang.ClassNotFoundException: net.minecraft.core.registries.Registries
	at java.net.URLClassLoader.findClass(URLClassLoader.java:445) ~[?:?]
	at java.lang.ClassLoader.loadClass(ClassLoader.java:593) ~[?:?]
	at java.lang.ClassLoader.loadClass(ClassLoader.java:526) ~[?:?]
	... 14 more
[02сент.2025 01:36:10.760] [Server thread/WARN] [net.minecraft.server.MinecraftServer/]: Can't keep up! Is the server overloaded? Running 2006ms or 40 ticks behind
[02сент.2025 01:36:46.660] [Server thread/WARN] [net.minecraft.server.MinecraftServer/]: Can't keep up! Is the server overloaded? Running 2206ms or 44 ticks behind
[02сент.2025 01:37:05.283] [Server thread/WARN] [net.minecraft.server.MinecraftServer/]: Can't keep up! Is the server overloaded? Running 3629ms or 72 ticks behind
[02сент.2025 01:37:23.051] [Server thread/WARN] [net.minecraft.server.MinecraftServer/]: Can't keep up! Is the server overloaded? Running 2797ms or 55 ticks behind
[02сент.2025 01:37:27.835] [Server thread/INFO] [net.minecraft.server.MinecraftServer/]: [SaiTeRR: Made SaiTeRR no longer a server operator]
[02сент.2025 01:37:39.845] [luckperms-worker-3/INFO] [net.minecraft.server.MinecraftServer/]: [LP] ЛОГ > (SaiTeRR) [G] (users)
[02сент.2025 01:37:39.850] [luckperms-worker-3/INFO] [net.minecraft.server.MinecraftServer/]: [LP] ЛОГ > webeditor add displayname.users true
[02сент.2025 01:37:39.852] [luckperms-worker-3/INFO] [net.minecraft.server.MinecraftServer/]: [LP] ЛОГ > (SaiTeRR) [G] (users)
[02сент.2025 01:37:39.853] [luckperms-worker-3/INFO] [net.minecraft.server.MinecraftServer/]: [LP] ЛОГ > webeditor add command.tp true
[02сент.2025 01:37:39.919] [luckperms-worker-3/WARN] [luckperms/]: An exception was thrown by me.lucko.luckperms.forge.context.ForgePlayerCalculator whilst estimating potential contexts
java.lang.NoClassDefFoundError: net/minecraft/core/registries/Registries
	at me.lucko.luckperms.forge.context.ForgePlayerCalculator.estimatePotentialContexts(ForgePlayerCalculator.java:105) ~[?:?]
	at me.lucko.luckperms.common.context.manager.ContextManager.getPotentialContexts(ContextManager.java:182) ~[?:?]
	at me.lucko.luckperms.common.webeditor.WebEditorRequest.generate(WebEditorRequest.java:135) ~[?:?]
	at me.lucko.luckperms.common.webeditor.WebEditorSession.createFollowUpSession(WebEditorSession.java:188) ~[?:?]
	at me.lucko.luckperms.common.webeditor.socket.listener.HandlerChangeRequest.handle(HandlerChangeRequest.java:97) ~[?:?]
	at me.lucko.luckperms.common.webeditor.socket.listener.WebEditorSocketListener.handleMessageFrame(WebEditorSocketListener.java:149) ~[?:?]
	at me.lucko.luckperms.common.webeditor.socket.listener.WebEditorSocketListener.lambda$onMessage$0(WebEditorSocketListener.java:93) ~[?:?]
	at java.util.concurrent.ForkJoinTask$RunnableExecuteAction.exec(ForkJoinTask.java:1423) [?:?]
	at java.util.concurrent.ForkJoinTask.doExec(ForkJoinTask.java:387) [?:?]
	at java.util.concurrent.ForkJoinPool$WorkQueue.topLevelExec(ForkJoinPool.java:1310) [?:?]
	at java.util.concurrent.ForkJoinPool.scan(ForkJoinPool.java:1841) [?:?]
	at java.util.concurrent.ForkJoinPool.runWorker(ForkJoinPool.java:1806) [?:?]
	at java.util.concurrent.ForkJoinWorkerThread.run(ForkJoinWorkerThread.java:188) [?:?]
Caused by: java.lang.ClassNotFoundException: net.minecraft.core.registries.Registries
	... 13 more
[02сент.2025 01:37:40.427] [Server thread/WARN] [net.minecraft.server.MinecraftServer/]: Can't keep up! Is the server overloaded? Running 2423ms or 48 ticks behind
[02сент.2025 01:37:59.997] [Server thread/WARN] [net.minecraft.server.MinecraftServer/]: Can't keep up! Is the server overloaded? Running 4593ms or 91 ticks behind
[02сент.2025 01:39:07.177] [luckperms-command-executor/WARN] [luckperms/]: An exception was thrown by me.lucko.luckperms.forge.context.ForgePlayerCalculator whilst estimating potential contexts
java.lang.NoClassDefFoundError: net/minecraft/core/registries/Registries
	at me.lucko.luckperms.forge.context.ForgePlayerCalculator.estimatePotentialContexts(ForgePlayerCalculator.java:105) ~[?:?]
	at me.lucko.luckperms.common.context.manager.ContextManager.getPotentialContexts(ContextManager.java:182) ~[?:?]
	at me.lucko.luckperms.common.webeditor.WebEditorRequest.generate(WebEditorRequest.java:135) ~[?:?]
	at me.lucko.luckperms.common.webeditor.WebEditorSession.createAndOpen(WebEditorSession.java:60) ~[?:?]
	at me.lucko.luckperms.common.commands.misc.EditorCommand.execute(EditorCommand.java:111) ~[?:?]
	at me.lucko.luckperms.common.command.abstraction.SingleCommand.execute(SingleCommand.java:56) ~[?:?]
	at me.lucko.luckperms.common.command.abstraction.SingleCommand.execute(SingleCommand.java:48) ~[?:?]
	at me.lucko.luckperms.common.command.CommandManager.execute(CommandManager.java:275) ~[?:?]
	at me.lucko.luckperms.common.command.CommandManager.lambda$executeCommand$1(CommandManager.java:179) ~[?:?]
	at java.util.concurrent.CompletableFuture$AsyncRun.run(CompletableFuture.java:1804) ~[?:?]
	at java.util.concurrent.ThreadPoolExecutor.runWorker(ThreadPoolExecutor.java:1144) ~[?:?]
	at java.util.concurrent.ThreadPoolExecutor$Worker.run(ThreadPoolExecutor.java:642) ~[?:?]
	at java.lang.Thread.run(Thread.java:1583) [?:?]
Caused by: java.lang.ClassNotFoundException: net.minecraft.core.registries.Registries
	... 13 more
[02сент.2025 01:39:10.733] [Server thread/WARN] [net.minecraft.server.MinecraftServer/]: Can't keep up! Is the server overloaded? Running 2024ms or 40 ticks behind
[02сент.2025 01:39:35.964] [Server thread/WARN] [net.minecraft.server.MinecraftServer/]: Can't keep up! Is the server overloaded? Running 10260ms or 205 ticks behind
[02сент.2025 01:39:54.104] [Server thread/WARN] [net.minecraft.server.MinecraftServer/]: Can't keep up! Is the server overloaded? Running 3151ms or 63 ticks behind
[02сент.2025 01:39:55.402] [luckperms-worker-3/WARN] [luckperms/]: Exception occurred handling message from socket
java.lang.RuntimeException: Error reading data
	at me.lucko.luckperms.common.webeditor.socket.listener.HandlerChangeRequest.handle(HandlerChangeRequest.java:83) ~[?:?]
	at me.lucko.luckperms.common.webeditor.socket.listener.WebEditorSocketListener.handleMessageFrame(WebEditorSocketListener.java:149) ~[?:?]
	at me.lucko.luckperms.common.webeditor.socket.listener.WebEditorSocketListener.lambda$onMessage$0(WebEditorSocketListener.java:93) ~[?:?]
	at java.util.concurrent.ForkJoinTask$RunnableExecuteAction.exec(ForkJoinTask.java:1423) [?:?]
	at java.util.concurrent.ForkJoinTask.doExec(ForkJoinTask.java:387) [?:?]
	at java.util.concurrent.ForkJoinPool$WorkQueue.topLevelExec(ForkJoinPool.java:1310) [?:?]
	at java.util.concurrent.ForkJoinPool.scan(ForkJoinPool.java:1841) [?:?]
	at java.util.concurrent.ForkJoinPool.runWorker(ForkJoinPool.java:1806) [?:?]
	at java.util.concurrent.ForkJoinWorkerThread.run(ForkJoinWorkerThread.java:188) [?:?]
Caused by: java.net.SocketTimeoutException: timeout
	at me.lucko.luckperms.lib.okhttp3.internal.http2.Http2Stream$StreamTimeout.newTimeoutException(Http2Stream.java:678) ~[?:?]
	at me.lucko.luckperms.lib.okhttp3.internal.http2.Http2Stream$StreamTimeout.exitAndThrowIfTimedOut(Http2Stream.java:686) ~[?:?]
	at me.lucko.luckperms.lib.okhttp3.internal.http2.Http2Stream.takeHeaders(Http2Stream.java:154) ~[?:?]
	at me.lucko.luckperms.lib.okhttp3.internal.http2.Http2ExchangeCodec.readResponseHeaders(Http2ExchangeCodec.java:136) ~[?:?]
	at me.lucko.luckperms.lib.okhttp3.internal.connection.Exchange.readResponseHeaders(Exchange.java:115) ~[?:?]
	at me.lucko.luckperms.lib.okhttp3.internal.http.CallServerInterceptor.intercept(CallServerInterceptor.java:94) ~[?:?]
	at me.lucko.luckperms.lib.okhttp3.internal.http.RealInterceptorChain.proceed(RealInterceptorChain.java:142) ~[?:?]
	at me.lucko.luckperms.lib.okhttp3.internal.connection.ConnectInterceptor.intercept(ConnectInterceptor.java:43) ~[?:?]
	at me.lucko.luckperms.lib.okhttp3.internal.http.RealInterceptorChain.proceed(RealInterceptorChain.java:142) ~[?:?]
	at me.lucko.luckperms.lib.okhttp3.internal.http.RealInterceptorChain.proceed(RealInterceptorChain.java:117) ~[?:?]
	at me.lucko.luckperms.lib.okhttp3.internal.cache.CacheInterceptor.intercept(CacheInterceptor.java:94) ~[?:?]
	at me.lucko.luckperms.lib.okhttp3.internal.http.RealInterceptorChain.proceed(RealInterceptorChain.java:142) ~[?:?]
	at me.lucko.luckperms.lib.okhttp3.internal.http.RealInterceptorChain.proceed(RealInterceptorChain.java:117) ~[?:?]
	at me.lucko.luckperms.lib.okhttp3.internal.http.BridgeInterceptor.intercept(BridgeInterceptor.java:93) ~[?:?]
	at me.lucko.luckperms.lib.okhttp3.internal.http.RealInterceptorChain.proceed(RealInterceptorChain.java:142) ~[?:?]
	at me.lucko.luckperms.lib.okhttp3.internal.http.RetryAndFollowUpInterceptor.intercept(RetryAndFollowUpInterceptor.java:88) ~[?:?]
	at me.lucko.luckperms.lib.okhttp3.internal.http.RealInterceptorChain.proceed(RealInterceptorChain.java:142) ~[?:?]
	at me.lucko.luckperms.lib.okhttp3.internal.http.RealInterceptorChain.proceed(RealInterceptorChain.java:117) ~[?:?]
	at me.lucko.luckperms.lib.okhttp3.RealCall.getResponseWithInterceptorChain(RealCall.java:229) ~[?:?]
	at me.lucko.luckperms.lib.okhttp3.RealCall.execute(RealCall.java:81) ~[?:?]
	at me.lucko.luckperms.common.http.AbstractHttpClient.makeHttpRequest(AbstractHttpClient.java:47) ~[?:?]
	at me.lucko.luckperms.common.http.BytebinClient.makeHttpRequest(BytebinClient.java:78) ~[?:?]
	at me.lucko.luckperms.common.http.BytebinClient.getJsonContent(BytebinClient.java:130) ~[?:?]
	at me.lucko.luckperms.common.webeditor.socket.listener.HandlerChangeRequest.handle(HandlerChangeRequest.java:80) ~[?:?]
	... 8 more
[02сент.2025 01:40:08.329] [luckperms-command-executor/INFO] [net.minecraft.server.MinecraftServer/]: [LP] ЛОГ > (SaiTeRR) [U] (saiterr)
[02сент.2025 01:40:08.330] [luckperms-command-executor/INFO] [net.minecraft.server.MinecraftServer/]: [LP] ЛОГ > webeditor add group.users true
[02сент.2025 01:40:12.102] [Server thread/WARN] [net.minecraft.server.MinecraftServer/]: Can't keep up! Is the server overloaded? Running 2998ms or 59 ticks behind
[02сент.2025 01:40:12.635] [Server thread/INFO] [net.minecraft.server.MinecraftServer/]: [SaiTeRR: Teleported SaiTeRR to SaiTeRR]
[02сент.2025 01:40:31.960] [luckperms-command-executor/WARN] [luckperms/]: An exception was thrown by me.lucko.luckperms.forge.context.ForgePlayerCalculator whilst estimating potential contexts
java.lang.NoClassDefFoundError: net/minecraft/core/registries/Registries
	at me.lucko.luckperms.forge.context.ForgePlayerCalculator.estimatePotentialContexts(ForgePlayerCalculator.java:105) ~[?:?]
	at me.lucko.luckperms.common.context.manager.ContextManager.getPotentialContexts(ContextManager.java:182) ~[?:?]
	at me.lucko.luckperms.common.webeditor.WebEditorRequest.generate(WebEditorRequest.java:135) ~[?:?]
	at me.lucko.luckperms.common.webeditor.WebEditorSession.createAndOpen(WebEditorSession.java:60) ~[?:?]
	at me.lucko.luckperms.common.commands.misc.EditorCommand.execute(EditorCommand.java:111) ~[?:?]
	at me.lucko.luckperms.common.command.abstraction.SingleCommand.execute(SingleCommand.java:56) ~[?:?]
	at me.lucko.luckperms.common.command.abstraction.SingleCommand.execute(SingleCommand.java:48) ~[?:?]
	at me.lucko.luckperms.common.command.CommandManager.execute(CommandManager.java:275) ~[?:?]
	at me.lucko.luckperms.common.command.CommandManager.lambda$executeCommand$1(CommandManager.java:179) ~[?:?]
	at java.util.concurrent.CompletableFuture$AsyncRun.run(CompletableFuture.java:1804) ~[?:?]
	at java.util.concurrent.ThreadPoolExecutor.runWorker(ThreadPoolExecutor.java:1144) ~[?:?]
	at java.util.concurrent.ThreadPoolExecutor$Worker.run(ThreadPoolExecutor.java:642) ~[?:?]
	at java.lang.Thread.run(Thread.java:1583) [?:?]
Caused by: java.lang.ClassNotFoundException: net.minecraft.core.registries.Registries
	... 13 more
[02сент.2025 01:41:03.460] [Server thread/WARN] [net.minecraft.server.MinecraftServer/]: Can't keep up! Is the server overloaded? Running 2054ms or 41 ticks behind
[02сент.2025 01:41:21.001] [Server thread/WARN] [net.minecraft.server.MinecraftServer/]: Can't keep up! Is the server overloaded? Running 2547ms or 50 ticks behind
[02сент.2025 01:41:40.410] [Server thread/WARN] [net.minecraft.server.MinecraftServer/]: Can't keep up! Is the server overloaded? Running 4456ms or 89 ticks behind
[02сент.2025 01:42:00.695] [Server thread/WARN] [net.minecraft.server.MinecraftServer/]: Can't keep up! Is the server overloaded? Running 5291ms or 105 ticks behind
[02сент.2025 01:42:20.444] [Server thread/WARN] [net.minecraft.server.MinecraftServer/]: Can't keep up! Is the server overloaded? Running 4790ms or 95 ticks behind
[02сент.2025 01:42:23.037] [luckperms-worker-7/INFO] [net.minecraft.server.MinecraftServer/]: [LP] ЛОГ > (SaiTeRR) [G] (default)
[02сент.2025 01:42:23.040] [luckperms-worker-7/INFO] [net.minecraft.server.MinecraftServer/]: [LP] ЛОГ > webeditor add command.mca true
[02сент.2025 01:42:23.047] [luckperms-worker-7/INFO] [net.minecraft.server.MinecraftServer/]: [LP] ЛОГ > (SaiTeRR) [G] (default)
[02сент.2025 01:42:23.049] [luckperms-worker-7/INFO] [net.minecraft.server.MinecraftServer/]: [LP] ЛОГ > webeditor add command.tp true
[02сент.2025 01:42:23.050] [luckperms-worker-7/INFO] [net.minecraft.server.MinecraftServer/]: [LP] ЛОГ > (SaiTeRR) [G] (default)
[02сент.2025 01:42:23.052] [luckperms-worker-7/INFO] [net.minecraft.server.MinecraftServer/]: [LP] ЛОГ > webeditor add command.msg true
[02сент.2025 01:42:23.083] [luckperms-worker-7/INFO] [net.minecraft.server.MinecraftServer/]: [LP] ЛОГ > (SaiTeRR) [U] (saiterr)
[02сент.2025 01:42:23.085] [luckperms-worker-7/INFO] [net.minecraft.server.MinecraftServer/]: [LP] ЛОГ > webeditor remove group.users true
[02сент.2025 01:42:23.139] [luckperms-worker-7/INFO] [net.minecraft.server.MinecraftServer/]: [LP] ЛОГ > (SaiTeRR) [G] (users)
[02сент.2025 01:42:23.140] [luckperms-worker-7/INFO] [net.minecraft.server.MinecraftServer/]: [LP] ЛОГ > webeditor delete
[02сент.2025 01:42:23.150] [luckperms-worker-7/WARN] [luckperms/]: An exception was thrown by me.lucko.luckperms.forge.context.ForgePlayerCalculator whilst estimating potential contexts
java.lang.NoClassDefFoundError: net/minecraft/core/registries/Registries
	at me.lucko.luckperms.forge.context.ForgePlayerCalculator.estimatePotentialContexts(ForgePlayerCalculator.java:105) ~[?:?]
	at me.lucko.luckperms.common.context.manager.ContextManager.getPotentialContexts(ContextManager.java:182) ~[?:?]
	at me.lucko.luckperms.common.webeditor.WebEditorRequest.generate(WebEditorRequest.java:135) ~[?:?]
	at me.lucko.luckperms.common.webeditor.WebEditorSession.createFollowUpSession(WebEditorSession.java:188) ~[?:?]
	at me.lucko.luckperms.common.webeditor.socket.listener.HandlerChangeRequest.handle(HandlerChangeRequest.java:97) ~[?:?]
	at me.lucko.luckperms.common.webeditor.socket.listener.WebEditorSocketListener.handleMessageFrame(WebEditorSocketListener.java:149) ~[?:?]
	at me.lucko.luckperms.common.webeditor.socket.listener.WebEditorSocketListener.lambda$onMessage$0(WebEditorSocketListener.java:93) ~[?:?]
	at java.util.concurrent.ForkJoinTask$RunnableExecuteAction.exec(ForkJoinTask.java:1423) [?:?]
	at java.util.concurrent.ForkJoinTask.doExec(ForkJoinTask.java:387) [?:?]
	at java.util.concurrent.ForkJoinPool$WorkQueue.topLevelExec(ForkJoinPool.java:1310) [?:?]
	at java.util.concurrent.ForkJoinPool.scan(ForkJoinPool.java:1841) [?:?]
	at java.util.concurrent.ForkJoinPool.runWorker(ForkJoinPool.java:1806) [?:?]
	at java.util.concurrent.ForkJoinWorkerThread.run(ForkJoinWorkerThread.java:188) [?:?]
Caused by: java.lang.ClassNotFoundException: net.minecraft.core.registries.Registries
	... 13 more
[02сент.2025 01:42:23.580] [luckperms-worker-6/WARN] [luckperms/]: An exception was thrown by me.lucko.luckperms.forge.context.ForgePlayerCalculator whilst estimating potential contexts
java.lang.NoClassDefFoundError: net/minecraft/core/registries/Registries
	at me.lucko.luckperms.forge.context.ForgePlayerCalculator.estimatePotentialContexts(ForgePlayerCalculator.java:105) ~[?:?]
	at me.lucko.luckperms.common.context.manager.ContextManager.getPotentialContexts(ContextManager.java:182) ~[?:?]
	at me.lucko.luckperms.common.webeditor.WebEditorRequest.generate(WebEditorRequest.java:135) ~[?:?]
	at me.lucko.luckperms.common.webeditor.WebEditorSession.createFollowUpSession(WebEditorSession.java:188) ~[?:?]
	at me.lucko.luckperms.common.webeditor.socket.listener.HandlerChangeRequest.handle(HandlerChangeRequest.java:97) ~[?:?]
	at me.lucko.luckperms.common.webeditor.socket.listener.WebEditorSocketListener.handleMessageFrame(WebEditorSocketListener.java:149) ~[?:?]
	at me.lucko.luckperms.common.webeditor.socket.listener.WebEditorSocketListener.lambda$onMessage$0(WebEditorSocketListener.java:93) ~[?:?]
	at java.util.concurrent.ForkJoinTask$RunnableExecuteAction.exec(ForkJoinTask.java:1423) [?:?]
	at java.util.concurrent.ForkJoinTask.doExec(ForkJoinTask.java:387) [?:?]
	at java.util.concurrent.ForkJoinPool$WorkQueue.topLevelExec(ForkJoinPool.java:1310) [?:?]
	at java.util.concurrent.ForkJoinPool.scan(ForkJoinPool.java:1841) [?:?]
	at java.util.concurrent.ForkJoinPool.runWorker(ForkJoinPool.java:1806) [?:?]
	at java.util.concurrent.ForkJoinWorkerThread.run(ForkJoinWorkerThread.java:188) [?:?]
Caused by: java.lang.ClassNotFoundException: net.minecraft.core.registries.Registries
	... 13 more
[02сент.2025 01:42:27.591] [luckperms-command-executor/WARN] [luckperms/]: An exception was thrown by me.lucko.luckperms.forge.context.ForgePlayerCalculator whilst estimating potential contexts
java.lang.NoClassDefFoundError: net/minecraft/core/registries/Registries
	at me.lucko.luckperms.forge.context.ForgePlayerCalculator.estimatePotentialContexts(ForgePlayerCalculator.java:105) ~[?:?]
	at me.lucko.luckperms.common.context.manager.ContextManager.getPotentialContexts(ContextManager.java:182) ~[?:?]
	at me.lucko.luckperms.common.webeditor.WebEditorRequest.generate(WebEditorRequest.java:135) ~[?:?]
	at me.lucko.luckperms.common.webeditor.WebEditorSession.createAndOpen(WebEditorSession.java:60) ~[?:?]
	at me.lucko.luckperms.common.commands.misc.EditorCommand.execute(EditorCommand.java:111) ~[?:?]
	at me.lucko.luckperms.common.command.abstraction.SingleCommand.execute(SingleCommand.java:56) ~[?:?]
	at me.lucko.luckperms.common.command.abstraction.SingleCommand.execute(SingleCommand.java:48) ~[?:?]
	at me.lucko.luckperms.common.command.CommandManager.execute(CommandManager.java:275) ~[?:?]
	at me.lucko.luckperms.common.command.CommandManager.lambda$executeCommand$1(CommandManager.java:179) ~[?:?]
	at java.util.concurrent.CompletableFuture$AsyncRun.run(CompletableFuture.java:1804) ~[?:?]
	at java.util.concurrent.ThreadPoolExecutor.runWorker(ThreadPoolExecutor.java:1144) ~[?:?]
	at java.util.concurrent.ThreadPoolExecutor$Worker.run(ThreadPoolExecutor.java:642) ~[?:?]
	at java.lang.Thread.run(Thread.java:1583) [?:?]
Caused by: java.lang.ClassNotFoundException: net.minecraft.core.registries.Registries
	... 13 more
[02сент.2025 01:43:54.432] [Server thread/WARN] [net.minecraft.server.MinecraftServer/]: Can't keep up! Is the server overloaded? Running 2177ms or 43 ticks behind
[02сент.2025 01:44:06.458] [Server thread/INFO] [net.minecraft.server.MinecraftServer/]: [SaiTeRR: Teleported SaiTeRR to SaiTeRR]
[02сент.2025 01:44:14.371] [Server thread/WARN] [net.minecraft.server.MinecraftServer/]: Can't keep up! Is the server overloaded? Running 4967ms or 99 ticks behind
[02сент.2025 01:45:22.307] [Server thread/WARN] [net.minecraft.server.MinecraftServer/]: Can't keep up! Is the server overloaded? Running 2003ms or 40 ticks behind
[02сент.2025 01:45:48.116] [Server thread/WARN] [net.minecraft.server.MinecraftServer/]: Can't keep up! Is the server overloaded? Running 2111ms or 42 ticks behind
[02сент.2025 01:46:19.587] [Server thread/WARN] [net.minecraft.server.MinecraftServer/]: Can't keep up! Is the server overloaded? Running 2183ms or 43 ticks behind
[02сент.2025 01:46:53.627] [Server thread/WARN] [net.minecraft.server.MinecraftServer/]: Can't keep up! Is the server overloaded? Running 2123ms or 42 ticks behind
[02сент.2025 01:47:16.282] [Server thread/WARN] [net.minecraft.server.MinecraftServer/]: Can't keep up! Is the server overloaded? Running 7678ms or 153 ticks behind
[02сент.2025 01:47:39.921] [Server thread/WARN] [net.minecraft.server.MinecraftServer/]: Can't keep up! Is the server overloaded? Running 2017ms or 40 ticks behind
[02сент.2025 01:48:02.022] [Server thread/WARN] [net.minecraft.server.MinecraftServer/]: Can't keep up! Is the server overloaded? Running 2117ms or 42 ticks behind
[02сент.2025 01:48:23.242] [Server thread/WARN] [net.minecraft.server.MinecraftServer/]: Can't keep up! Is the server overloaded? Running 6238ms or 124 ticks behind
[02сент.2025 01:48:45.167] [Server thread/WARN] [net.minecraft.server.MinecraftServer/]: Can't keep up! Is the server overloaded? Running 6964ms or 139 ticks behind
[02сент.2025 01:50:02.154] [Server thread/WARN] [net.minecraft.server.MinecraftServer/]: Can't keep up! Is the server overloaded? Running 2349ms or 46 ticks behind
[02сент.2025 01:50:20.374] [Server thread/WARN] [net.minecraft.server.MinecraftServer/]: Can't keep up! Is the server overloaded? Running 3270ms or 65 ticks behind
[02сент.2025 01:50:44.274] [Server thread/WARN] [net.minecraft.server.MinecraftServer/]: Can't keep up! Is the server overloaded? Running 2170ms or 43 ticks behind
[02сент.2025 01:51:51.411] [Server thread/WARN] [net.minecraft.server.MinecraftServer/]: Can't keep up! Is the server overloaded? Running 2003ms or 40 ticks behind
[02сент.2025 01:52:15.975] [Server thread/WARN] [net.minecraft.server.MinecraftServer/]: Can't keep up! Is the server overloaded? Running 9571ms or 191 ticks behind
[02сент.2025 01:52:36.054] [Server thread/WARN] [net.minecraft.server.MinecraftServer/]: Can't keep up! Is the server overloaded? Running 5100ms or 102 ticks behind
[02сент.2025 01:53:00.653] [Server thread/WARN] [net.minecraft.server.MinecraftServer/]: Can't keep up! Is the server overloaded? Running 9599ms or 191 ticks behind
[02сент.2025 01:53:18.030] [Server thread/WARN] [net.minecraft.server.MinecraftServer/]: Can't keep up! Is the server overloaded? Running 2426ms or 48 ticks behind
[02сент.2025 01:54:19.066] [Server thread/WARN] [net.minecraft.server.MinecraftServer/]: Can't keep up! Is the server overloaded? Running 2011ms or 40 ticks behind
[02сент.2025 01:54:40.316] [Server thread/WARN] [net.minecraft.server.MinecraftServer/]: Can't keep up! Is the server overloaded? Running 6261ms or 125 ticks behind
[02сент.2025 01:54:57.362] [Server thread/WARN] [net.minecraft.server.MinecraftServer/]: Can't keep up! Is the server overloaded? Running 2058ms or 41 ticks behind
[02сент.2025 01:55:17.136] [Server thread/WARN] [net.minecraft.server.MinecraftServer/]: Can't keep up! Is the server overloaded? Running 4781ms or 95 ticks behind
[02сент.2025 01:56:41.213] [Server thread/WARN] [net.minecraft.server.MinecraftServer/]: Can't keep up! Is the server overloaded? Running 2008ms or 40 ticks behind
[02сент.2025 01:56:43.114] [Server thread/WARN] [net.minecraft.world.entity.ai.attributes.AttributeMap/]: Ignoring unknown attribute 'arsmagicalegacy:scale'
[02сент.2025 01:56:43.115] [Server thread/WARN] [net.minecraft.world.entity.ai.attributes.AttributeMap/]: Ignoring unknown attribute 'arsmagicalegacy:scale'
[02сент.2025 01:56:43.166] [Server thread/WARN] [net.minecraft.world.entity.ai.attributes.AttributeMap/]: Ignoring unknown attribute 'arsmagicalegacy:scale'
[02сент.2025 01:56:45.008] [Server thread/INFO] [net.minecraft.world.entity.npc.Villager/]: Villager VillagerEntityMCA['Chaya'/1830, l='ServerLevel[open-beta]', x=-305.72, y=30.00, z=7.53] died, message: 'Chaya hit the ground too hard'
[02сент.2025 01:56:45.009] [Server thread/INFO] [net.minecraft.world.entity.LivingEntity/]: Named entity VillagerEntityMCA['Chaya'/1830, l='ServerLevel[open-beta]', x=-305.72, y=30.00, z=7.53] died: Chaya fell from a high place
[02сент.2025 01:56:47.950] [Server thread/WARN] [net.minecraft.world.entity.ai.attributes.AttributeMap/]: Ignoring unknown attribute 'arsmagicalegacy:scale'
[02сент.2025 01:57:02.353] [Server thread/WARN] [net.minecraft.server.MinecraftServer/]: Can't keep up! Is the server overloaded? Running 6149ms or 122 ticks behind
[02сент.2025 01:57:20.417] [Server thread/WARN] [net.minecraft.server.MinecraftServer/]: Can't keep up! Is the server overloaded? Running 3113ms or 62 ticks behind
[02сент.2025 01:58:18.390] [Server thread/WARN] [net.minecraft.server.MinecraftServer/]: Can't keep up! Is the server overloaded? Running 2086ms or 41 ticks behind
[02сент.2025 01:58:46.469] [Server thread/WARN] [net.minecraft.server.MinecraftServer/]: Can't keep up! Is the server overloaded? Running 2015ms or 40 ticks behind
[02сент.2025 01:59:06.003] [Server thread/WARN] [net.minecraft.server.MinecraftServer/]: Can't keep up! Is the server overloaded? Running 4549ms or 90 ticks behind
[02сент.2025 01:59:23.625] [Server thread/WARN] [net.minecraft.server.MinecraftServer/]: Can't keep up! Is the server overloaded? Running 2671ms or 53 ticks behind
[02сент.2025 02:00:46.071] [Server thread/WARN] [net.minecraft.server.MinecraftServer/]: Can't keep up! Is the server overloaded? Running 2016ms or 40 ticks behind
[02сент.2025 02:01:15.347] [Server thread/WARN] [net.minecraft.server.MinecraftServer/]: Can't keep up! Is the server overloaded? Running 2043ms or 40 ticks behind
[02сент.2025 02:01:35.940] [Server thread/WARN] [net.minecraft.server.MinecraftServer/]: Can't keep up! Is the server overloaded? Running 5636ms or 112 ticks behind
[02сент.2025 02:02:25.154] [Server thread/WARN] [net.minecraft.world.entity.ai.attributes.AttributeMap/]: Ignoring unknown attribute 'arsmagicalegacy:scale'
[02сент.2025 02:03:11.921] [Server thread/WARN] [net.minecraft.server.MinecraftServer/]: Can't keep up! Is the server overloaded? Running 2017ms or 40 ticks behind
[02сент.2025 02:03:44.957] [Server thread/WARN] [net.minecraft.server.MinecraftServer/]: Can't keep up! Is the server overloaded? Running 2003ms or 40 ticks behind
[02сент.2025 02:04:03.181] [Server thread/WARN] [net.minecraft.server.MinecraftServer/]: Can't keep up! Is the server overloaded? Running 3227ms or 64 ticks behind
[02сент.2025 02:05:14.820] [Server thread/WARN] [net.minecraft.server.MinecraftServer/]: Can't keep up! Is the server overloaded? Running 2163ms or 43 ticks behind
[02сент.2025 02:05:42.196] [Server thread/WARN] [net.minecraft.server.MinecraftServer/]: Can't keep up! Is the server overloaded? Running 12392ms or 247 ticks behind
[02сент.2025 02:06:05.639] [Server thread/WARN] [net.minecraft.server.MinecraftServer/]: Can't keep up! Is the server overloaded? Running 8485ms or 169 ticks behind
[02сент.2025 02:06:12.401] [Server thread/INFO] [net.minecraft.server.network.ServerGamePacketListenerImpl/]: SaiTeRR lost connection: Disconnected
[02сент.2025 02:06:12.405] [Server thread/INFO] [net.minecraft.server.MinecraftServer/]: SaiTeRR left the game
[02сент.2025 02:06:12.472] [Server thread/INFO] [voicechat/]: [voicechat] Disconnecting client SaiTeRR
[02сент.2025 02:06:48.160] [Server thread/INFO] [net.minecraft.server.MinecraftServer/]: Stopping the server
[02сент.2025 02:06:48.251] [Server thread/INFO] [luckperms/]: Starting shutdown process...
[02сент.2025 02:06:48.252] [Server thread/INFO] [luckperms/]: Closing storage...
[02сент.2025 02:06:48.305] [Server thread/INFO] [luckperms/]: Goodbye!
[02сент.2025 02:06:48.316] [Server thread/INFO] [net.minecraft.server.MinecraftServer/]: Stopping server
[02сент.2025 02:06:48.321] [Server thread/INFO] [net.minecraft.server.MinecraftServer/]: Saving players
[02сент.2025 02:06:48.321] [Server thread/INFO] [net.minecraft.server.MinecraftServer/]: Saving worlds
[02сент.2025 02:06:49.785] [Server thread/INFO] [net.minecraft.server.MinecraftServer/]: Saving chunks for level 'ServerLevel[open-beta]'/minecraft:overworld
[02сент.2025 02:06:49.951] [Server thread/INFO] [net.minecraft.server.MinecraftServer/]: Saving chunks for level 'ServerLevel[open-beta]'/divinerpg:apalachia
[02сент.2025 02:06:49.954] [Server thread/INFO] [net.minecraft.server.MinecraftServer/]: Saving chunks for level 'ServerLevel[open-beta]'/aether:the_aether
[02сент.2025 02:06:49.956] [Server thread/INFO] [net.minecraft.server.MinecraftServer/]: Saving chunks for level 'ServerLevel[open-beta]'/divinerpg:iceika
[02сент.2025 02:06:49.958] [Server thread/INFO] [net.minecraft.server.MinecraftServer/]: Saving chunks for level 'ServerLevel[open-beta]'/twilightforest:twilight_forest
[02сент.2025 02:06:49.960] [Server thread/INFO] [net.minecraft.server.MinecraftServer/]: Saving chunks for level 'ServerLevel[open-beta]'/minecraft:the_nether
[02сент.2025 02:06:49.962] [Server thread/INFO] [net.minecraft.server.MinecraftServer/]: Saving chunks for level 'ServerLevel[open-beta]'/divinerpg:skythern
[02сент.2025 02:06:49.964] [Server thread/INFO] [net.minecraft.server.MinecraftServer/]: Saving chunks for level 'ServerLevel[open-beta]'/minecraft:the_end
[02сент.2025 02:06:49.966] [Server thread/INFO] [net.minecraft.server.MinecraftServer/]: Saving chunks for level 'ServerLevel[open-beta]'/divinerpg:eden
[02сент.2025 02:06:49.969] [Server thread/INFO] [net.minecraft.server.MinecraftServer/]: Saving chunks for level 'ServerLevel[open-beta]'/divinerpg:vethea
[02сент.2025 02:06:49.972] [Server thread/INFO] [net.minecraft.server.MinecraftServer/]: Saving chunks for level 'ServerLevel[open-beta]'/divinerpg:arcana
[02сент.2025 02:06:49.974] [Server thread/INFO] [net.minecraft.server.MinecraftServer/]: Saving chunks for level 'ServerLevel[open-beta]'/divinerpg:wildwood
[02сент.2025 02:06:49.976] [Server thread/INFO] [net.minecraft.server.MinecraftServer/]: Saving chunks for level 'ServerLevel[open-beta]'/divinerpg:mortum
[02сент.2025 02:06:50.231] [Server thread/INFO] [net.minecraft.server.MinecraftServer/]: ThreadedAnvilChunkStorage (WORLD): All chunks are saved
[02сент.2025 02:06:50.231] [Server thread/INFO] [net.minecraft.server.MinecraftServer/]: ThreadedAnvilChunkStorage (apalachia): All chunks are saved
[02сент.2025 02:06:50.231] [Server thread/INFO] [net.minecraft.server.MinecraftServer/]: ThreadedAnvilChunkStorage (the_aether): All chunks are saved
[02сент.2025 02:06:50.231] [Server thread/INFO] [net.minecraft.server.MinecraftServer/]: ThreadedAnvilChunkStorage (iceika): All chunks are saved
[02сент.2025 02:06:50.231] [Server thread/INFO] [net.minecraft.server.MinecraftServer/]: ThreadedAnvilChunkStorage (twilight_forest): All chunks are saved
[02сент.2025 02:06:50.231] [Server thread/INFO] [net.minecraft.server.MinecraftServer/]: ThreadedAnvilChunkStorage (DIM-1): All chunks are saved
[02сент.2025 02:06:50.232] [Server thread/INFO] [net.minecraft.server.MinecraftServer/]: ThreadedAnvilChunkStorage (skythern): All chunks are saved
[02сент.2025 02:06:50.232] [Server thread/INFO] [net.minecraft.server.MinecraftServer/]: ThreadedAnvilChunkStorage (DIM1): All chunks are saved
[02сент.2025 02:06:50.232] [Server thread/INFO] [net.minecraft.server.MinecraftServer/]: ThreadedAnvilChunkStorage (eden): All chunks are saved
[02сент.2025 02:06:50.232] [Server thread/INFO] [net.minecraft.server.MinecraftServer/]: ThreadedAnvilChunkStorage (vethea): All chunks are saved
[02сент.2025 02:06:50.232] [Server thread/INFO] [net.minecraft.server.MinecraftServer/]: ThreadedAnvilChunkStorage (arcana): All chunks are saved
[02сент.2025 02:06:50.232] [Server thread/INFO] [net.minecraft.server.MinecraftServer/]: ThreadedAnvilChunkStorage (wildwood): All chunks are saved
[02сент.2025 02:06:50.232] [Server thread/INFO] [net.minecraft.server.MinecraftServer/]: ThreadedAnvilChunkStorage (mortum): All chunks are saved
[02сент.2025 02:06:50.232] [Server thread/INFO] [net.minecraft.server.MinecraftServer/]: ThreadedAnvilChunkStorage: All dimensions are saved
[02сент.2025 02:06:50.287] [Server thread/INFO] [configured/]: Unloading server configs...
[02сент.2025 02:06:50.292] [Server thread/INFO] [configured/]: Sending config unload event for configured.developer.toml
